{
  "norm_stats": {
    "state": {
      "mean": [
        -0.29535019397735596,
        -0.356402188539505,
        1.2673481702804565,
        0.2836682200431824,
        -0.910083532333374,
        -0.23268245160579681,
        -0.027626262977719307,
        -0.37006786465644836,
        0.2655058205127716,
        1.2609071731567383,
        -0.11889861524105072,
        -0.9617204666137695,
        0.06291333585977554,
        -0.1305384337902069,
        -0.3145848512649536,
        0.35396870970726013,
        0.7279742956161499,
        1.216436505317688,
        -0.29419803619384766,
        0.578972578048706,
        0.8833765983581543,
        1.0359278917312622,
        -0.16702687740325928,
        0.5408691763877869,
        0.9593483805656433,
        0.9407322406768799,
        1.0489228963851929,
        0.2908250093460083,
        0.21286727488040924,
        0.9248899221420288,
        0.0450814850628376,
        0.7736842632293701,
        0.9398901462554932,
        0.6755227446556091,
        -0.041567083448171616,
        0.6745342016220093,
        0.9293988347053528,
        0.6075246930122375,
        0.034191761165857315,
        0.6433292031288147,
        0.9427661299705505,
        0.892056941986084,
        0.35560303926467896,
        0.13457170128822327,
        0.4847888946533203,
        1.0598238706588745
      ],
      "std": [
        0.10067160427570343,
        0.1809772104024887,
        0.10230453312397003,
        0.11536803841590881,
        0.04382307082414627,
        0.10426592826843262,
        0.10136206448078156,
        0.14038722217082977,
        0.20263926684856415,
        0.13964161276817322,
        0.07315661013126373,
        0.03857112675905228,
        0.12057270109653473,
        0.13631117343902588,
        0.1222219243645668,
        0.23021939396858215,
        0.3711410462856293,
        0.3223538398742676,
        0.15392965078353882,
        0.37520748376846313,
        0.4944615662097931,
        0.47370994091033936,
        0.20793969929218292,
        0.5016424059867859,
        0.48125913739204407,
        0.5444348454475403,
        0.2659306824207306,
        0.21870671212673187,
        0.2573130428791046,
        0.3031533658504486,
        0.22773899137973785,
        0.5693985819816589,
        0.5246692299842834,
        0.7227661609649658,
        0.2687660753726959,
        0.49504679441452026,
        0.6909703612327576,
        0.6837581396102905,
        0.2339262217283249,
        0.4055134952068329,
        0.45267248153686523,
        0.39798763394355774,
        0.11028449982404709,
        0.1900855451822281,
        0.30223965644836426,
        0.31940555572509766
      ],
      "q01": [
        -0.6679520408064127,
        -0.8001263803601265,
        1.0565467205286025,
        -0.004941672606766229,
        -1.0,
        -0.41340174250602724,
        -0.24045081692934037,
        -0.6823491062521935,
        -0.12635835215449331,
        1.0149523419380189,
        -0.3009279972165823,
        -1.0,
        -0.1778887001633644,
        -0.4326853594779968,
        -0.5313015781641006,
        0.05522428727149964,
        0.3184785772800446,
        -0.06032098895609378,
        -0.4579584767818451,
        0.15241186540126803,
        0.08234083321094514,
        -0.18900435371398927,
        -0.45144495577812194,
        0.05939895465970041,
        0.11060360162258148,
        -0.20785506103634835,
        0.4106487291097641,
        -0.03550470331907274,
        -0.1890350790977478,
        -0.0032671701431274264,
        -0.439463122844696,
        0.07336009602546689,
        -0.16826262112259865,
        -0.3250891377031803,
        -0.5636223983764648,
        0.04372618044912813,
        -0.012246794354915616,
        -0.36068359253406523,
        -0.4825539244294167,
        0.10245135154724117,
        0.15915555725097658,
        -0.05681632697582245,
        0.21839961684793235,
        -0.2237395610570907,
        -0.025768176698684697,
        0.18714167945683002
      ],
      "q99": [
        -0.1587379381731152,
        -0.06934469544887545,
        1.5162353959321975,
        0.4959427562788129,
        -0.8014883112192154,
        0.09877362630963327,
        0.245681475675106,
        -0.17928682145476338,
        0.5765497397929431,
        1.5168244862675666,
        0.02739105933010577,
        -0.8461566714286805,
        0.38446686797738083,
        0.1008818201422691,
        0.19680273246765134,
        1.017986368060112,
        1.5439125409126282,
        1.515602990180254,
        0.19684142839908603,
        1.4828897236824037,
        1.658632389163971,
        1.4708109932899474,
        0.3031980345964431,
        1.5873285441100597,
        1.5974808852910996,
        1.4320157505989073,
        1.343682714486122,
        0.8589974980711936,
        0.8469035956144333,
        1.3127653025627137,
        0.3823296125531197,
        1.608055363225937,
        2.0606618772685525,
        1.4878643196344377,
        0.27108364105224614,
        1.5304189026206731,
        1.8892377218276262,
        1.5039679591417312,
        0.3493294628143311,
        1.4338931042671206,
        1.8270313385009767,
        1.4500463500022889,
        0.7896908050462603,
        0.6928093681573868,
        1.1308194163978098,
        1.6058031137019397
      ]
    },
    "actions": {
      "mean": [
        -0.2928120195865631,
        -0.3624924123287201,
        1.257841944694519,
        -2.345850944519043,
        -0.6374887228012085,
        -0.06618006527423859,
        -0.3080858588218689,
        0.4048902690410614,
        0.7864283323287964,
        1.2489033937454224,
        -0.23239275813102722,
        0.6156602501869202,
        0.9249484539031982,
        1.0672459602355957,
        -0.11571823060512543,
        0.5453855991363525,
        0.9761137366294861,
        0.9640390276908875,
        1.1339236497879028,
        0.280313104391098,
        0.30840662121772766,
        0.9596380591392517,
        -0.3683590292930603,
        0.24984651803970337,
        1.2474435567855835,
        2.514044761657715,
        -0.19108594954013824,
        0.35302117466926575,
        0.04369319975376129,
        0.8259691596031189,
        0.935252845287323,
        0.6773082613945007,
        -0.05925220623612404,
        0.7022086381912231,
        0.9458237290382385,
        0.6261528730392456,
        -0.020255068317055702,
        0.707292914390564,
        0.9848915338516235,
        0.9078200459480286,
        0.3541419208049774,
        0.13306397199630737,
        0.6417272090911865,
        1.1309562921524048
      ],
      "std": [
        0.10204647481441498,
        0.1913120299577713,
        0.10326715558767319,
        0.5429340600967407,
        0.28463441133499146,
        0.3052893579006195,
        0.13104428350925446,
        0.37548190355300903,
        0.46079012751579285,
        0.2878526747226715,
        0.25134873390197754,
        0.47251078486442566,
        0.5345808863639832,
        0.44782352447509766,
        0.28477591276168823,
        0.5494539737701416,
        0.49357542395591736,
        0.5339532494544983,
        0.1660446971654892,
        0.20961393415927887,
        0.33052295446395874,
        0.29115158319473267,
        0.14336933195590973,
        0.2115115225315094,
        0.14392954111099243,
        1.223380208015442,
        0.39216184616088867,
        0.41754430532455444,
        0.22517581284046173,
        0.5956444144248962,
        0.4913260042667389,
        0.7295918464660645,
        0.2836090326309204,
        0.5306256413459778,
        0.7071903944015503,
        0.6855882406234741,
        0.2884772717952728,
        0.48391085863113403,
        0.481095552444458,
        0.38997864723205566,
        0.10879197716712952,
        0.16816988587379456,
        0.31534072756767273,
        0.3743036389350891
      ],