{
  "norm_stats": {
    "state": {
      "mean": [
        -0.44448792934417725,
        -0.326836496591568,
        1.452069640159607,
        0.03424673154950142,
        -0.9478763937950134,
        -0.16524174809455872,
        -0.09702524542808533,
        -0.4386422634124756,
        0.14459456503391266,
        1.3242895603179932,
        0.21187108755111694,
        -0.7500218152999878,
        0.1450137197971344,
        -0.4204849898815155,
        -0.039243511855602264,
        0.4741676151752472,
        0.8121218085289001,
        1.2479318380355835,
        -0.0044142925180494785,
        0.17781874537467957,
        0.1535186767578125,
        0.285271018743515,
        -0.07728280127048492,
        0.2568108141422272,
        0.13489539921283722,
        0.16807736456394196,
        1.3702198266983032,
        -0.1017940491437912,
        -0.1861000806093216,
        1.2469158172607422,
        -0.2322453260421753,
        1.2798936367034912,
        0.38822436332702637,
        0.4857623875141144,
        -0.18745116889476776,
        0.901077389717102,
        0.7847769260406494,
        -0.09259866923093796,
        -0.08838553726673126,
        0.732760488986969,
        0.6977500319480896,
        0.494425892829895,
        0.4393554925918579,
        0.8062676191329956,
        0.33344265818595886,
        0.6767885088920593
      ],
      "std": [
        0.05189194530248642,
        0.12215350568294525,
        0.0585835762321949,
        0.06714070588350296,
        0.06645245850086212,
        0.18521133065223694,
        0.14286881685256958,
        0.10129637271165848,
        0.0856224074959755,
        0.08126986026763916,
        0.1606900990009308,
        0.18762870132923126,
        0.09782348573207855,
        0.3523435890674591,
        0.02668272703886032,
        0.06877890229225159,
        0.10761811584234238,
        0.1652563363313675,
        0.0011989199556410313,
        0.018918633460998535,
        0.018682990223169327,
        0.03708256036043167,
        0.010180688463151455,
        0.029255647212266922,
        0.01626114547252655,
        0.021741755306720734,
        0.13864220678806305,
        0.01696448028087616,
        0.02568601258099079,
        0.1634911149740219,
        0.21365903317928314,
        0.2584029734134674,
        0.344833105802536,
        0.26235276460647583,
        0.24989105761051178,
        0.34817320108413696,
        0.2821168303489685,
        0.31327399611473083,
        0.22242604196071625,
        0.2033434957265854,
        0.3548944592475891,
        0.3478761315345764,
        0.29563000798225403,
        0.42352861166000366,
        0.24475936591625214,
        0.3504179120063782
      ],
      "q01": [
        -0.5703978571295738,
        -0.529811054135114,
        1.329336163210869,
        -0.11958867390453815,
        -1.0,
        -0.5769145503640175,
        -0.41646725997924805,
        -0.613070586436987,
        -0.01572039792127907,
        1.1887942965030671,
        -0.13863393533229826,
        -1.0,
        -0.02727927206978202,
        -0.8255237663269043,
        -0.1501736697435379,
        0.036223108477890495,
        0.01132495390502736,
        0.0014937309155240654,
        -0.007445747561402095,
        0.03629281190335751,
        0.011700398307293653,
        0.002136798626743257,
        -0.08305974435614917,
        0.036304738590493796,
        0.01169784852648154,
        0.002198058239906095,
        0.31342827192544936,
        -0.10534702987670899,
        -0.19429476926103234,
        -0.000017286225556745194,
        -0.47679921005964276,
        0.035824225954711436,
        -0.17798575800657274,
        -0.10087739427089691,
        -0.47964358081817626,
        0.03616799130439758,
        0.011440589216351509,
        -0.28028081579208375,
        -0.5086102957963944,
        0.03603428634405137,
        0.011464944907370954,
        -0.0356249178647995,
        0.220117696672678,
        -0.00008797086047707126,
        -0.02457494884729383,
        -0.09596852910518644
      ],
      "q99": [
        -0.3267353074252606,
        -0.08666914091780786,
        1.6132460636854171,
        0.2878873597681522,
        -0.736484551870823,
        0.13811030983924866,
        0.10654937453269964,
        -0.22357942415475845,
        0.3998693869691342,
        1.5172059853076933,
        0.4930404635429383,
        -0.38774667654037476,
        0.38359383735358715,
        0.1465662803649903,
        0.015443679881095906,
        0.5157718693241478,
        0.9241776235799305,
        1.3707197827171533,
        0.0000252259008688277,
        0.183882931965217,
        0.157878134700004,
        0.2921826801192947,
        3.9135507686333115e-6,
        0.2648275832928717,
        0.13890540602216497,
        0.17225427308364305,
        1.397024340212345,
        -0.00014184811115264262,
        -0.0000766449514776335,
        1.2858494548627915,
        0.353101094788313,
        1.5649066077567637,
        1.0371916819512845,
        1.2634325676560403,
        0.40573385105133053,
        1.4284310794193298,
        1.4540903760615735,
        1.1468226305961609,
        0.3671686386108399,
        1.0883770811200142,
        1.2007526323772966,
        1.2479799733549355,
        1.1533809711515903,
        1.6531635274859726,
        0.9341160489320757,
        1.3221979846954346
      ]
    },
    "actions": {
      "mean": [
        -0.4456665515899658,
        -0.30946266651153564,
        1.4454656839370728,
        -1.2637286186218262,
        -0.22833451628684998,
        -0.11864575743675232,
        -0.03735483065247536,
        0.4689084589481354,
        0.8186063766479492,
        1.2617251873016357,
        -0.00466935383155942,
        0.1460428535938263,
        0.1450457125902176,
        0.2881079912185669,
        -0.07937858998775482,
        0.22650925815105438,
        0.126170352101326,
        0.1688920557498932,
        1.390851616859436,
        -0.10431414842605591,
        -0.18776391446590424,
        1.2716681957244873,
        -0.44578060507774353,
        0.1218569427728653,
        1.309523344039917,
        -1.1984056234359741,
        0.31303131580352783,
        -0.6981567144393921,
        -0.31101635098457336,
        1.2898160219192505,
        0.4154616892337799,
        0.5047674775123596,
        -0.30456265807151794,
        1.0630089044570923,
        0.8555432558059692,
        -0.09503374993801117,
        -0.257884681224823,
        1.0885134935379028,
        0.9201512336730957,
        0.5269217491149902,
        0.7616143226623535,
        0.5463131070137024,
        0.9446238279342651,
        0.9566841721534729
      ],