{
  "norm_stats": {
    "state": {
      "mean": [
        -0.3626880645751953,
        -0.2503177225589752,
        1.3378502130508423,
        0.0696532130241394,
        -0.9833235740661621,
        0.09679260849952698,
        0.06029070168733597,
        -0.34781885147094727,
        0.43059054017066956,
        0.7984804511070251,
        1.2554739713668823,
        -0.29479193687438965,
        0.7133381962776184,
        1.0719884634017944,
        1.1490085124969482,
        -0.09523119032382965,
        0.6787965297698975,
        1.3683503866195679,
        0.8913937211036682,
        0.6312495470046997,
        0.6955102682113647,
        0.2418758124113083,
        0.9454940557479858
      ],
      "std": [
        0.04054994881153107,
        0.06930643320083618,
        0.11303947865962982,
        0.08343875408172607,
        0.014333778992295265,
        0.04945600405335426,
        0.07487404346466064,
        0.19299080967903137,
        0.19634883105754852,
        0.16727374494075775,
        0.172427237033844,
        0.0967770516872406,
        0.3893941044807434,
        0.18416748940944672,
        0.24445536732673645,
        0.12970049679279327,
        0.38471344113349915,
        0.43115857243537903,
        0.4390450119972229,
        0.1962728202342987,
        0.15736761689186096,
        0.1916726678609848,
        0.23805588483810425
      ],
      "q01": [
        -0.46372984133660794,
        -0.35500212189946323,
        1.045273374772072,
        -0.08378399638831616,
        -1.0,
        -0.02301411411166191,
        -0.12111497513055801,
        -0.6048656594753266,
        -0.16604169001579283,
        0.39443925639446825,
        0.7663091419333127,
        -0.45879220404624943,
        -0.24407707267999645,
        0.6064152703439817,
        0.4415240613743663,
        -0.3784300721287727,
        -0.2659701495409012,
        0.10231088236570357,
        0.08956889037042856,
        0.2912242192864418,
        0.24546037740148385,
        -0.07338007668256757,
        0.19620446853935716
      ],
      "q99": [
        -0.2282368607670069,
        -0.0002748245940543681,
        1.522250292611122,
        0.3321060340225696,
        -0.9321625141143799,
        0.19102690340280534,
        0.21240236546993257,
        0.17219827413558964,
        0.7603527290344239,
        1.1972512600400484,
        1.6553053990067914,
        -0.0003844761371613048,
        1.293282962679863,
        1.381429268073477,
        1.5721751753613353,
        0.17856580385565757,
        1.330001208627224,
        1.6690416202425957,
        1.705956751521677,
        1.0738609020352365,
        0.9655086635097235,
        0.9671334965348244,
        1.2546454934626816
      ]
    },
    "actions": {
      "mean": [
        -0.35802558064460754,
        -0.2624654769897461,
        1.3314114809036255,
        -1.9758965969085693,
        0.1981162428855896,
        0.15580208599567413,
        -0.3253496587276459,
        0.5250290632247925,
        0.8672023415565491,
        1.266064167022705,
        -0.3131904602050781,
        0.7868055701255798,
        1.1066763401031494,
        1.142775297164917,
        -0.04811796545982361,
        0.7314024567604065,
        1.4051873683929443,
        0.8561912178993225,
        0.7231606841087341,
        0.6700974106788635,
        0.39008966088294983,
        1.0237681865692139
      ],
      "std": [
        0.04110725596547127,
        0.060940660536289215,
        0.12861508131027222,
        2.1497178077697754,
        0.28307947516441345,
        0.29922720789909363,
        0.15330755710601807,
        0.18159885704517365,
        0.1748467981815338,
        0.1291058510541916,
        0.09502729028463364,
        0.36740121245384216,
        0.17002812027931213,
        0.22975176572799683,
        0.17044806480407715,
        0.3503850996494293,
        0.40324094891548157,
        0.4233016073703766,
        0.26438796520233154,
        0.11110906302928925,
        0.22612078487873077,
        0.2531440556049347
      ],
      "q01": [
        -0.464234844788909,
        -0.3980970249220729,
        0.9759342804193497,
        -3.109903054237366,
        -0.5479557607173919,
        -0.5290170088768005,
        -0.4599265383720398,
        0.15760708258152006,
        0.4699490222930908,
        0.9302623212814332,
        -0.43331856322288514,
        0.13872382099628447,
        0.7316599445343018,
        0.5185015765190125,
        -0.37473541321754456,
        0.08108753814697266,
        0.14306239426136017,
        0.08958812400698662,
        0.3269092163085937,
        0.39531800236701964,
        0.09522925615310669,
        0.265155307674408
      ],
      "q99": [
        -0.22243455453813077,
        -0.10449708591252566,
        1.5349820865154267,
        3.1202308458328245,
        0.6641776670813562,
        0.9104677018284799,
        0.1655827187538147,
        0.8314498840212822,
        1.3762360221147536,
        1.4443700921535494,
        0.017996433830261227,
        1.3329918278217314,
        1.4184553985595705,
        1.4810032136023046,
        0.3000318572282791,
        1.3056748489379884,
        1.673325086760521,
        1.5028781742163004,
        1.2018104843139648,
        0.8501229818344116,
        0.9320258224010467,
        1.334502456140518
      ]
    }
  }
}