{
  "norm_stats": {
    "state": {
      "mean": [
        -0.35644257068634033,
        -0.24240103363990784,
        1.4233648777008057,
        0.18519827723503113,
        -0.9157400727272034,
        -0.09363874793052673,
        -0.05305478349328041,
        -0.39240726828575134,
        0.22944502532482147,
        1.3251627683639526,
        -0.09401022642850876,
        -0.9351130127906799,
        0.25340503454208374,
        -0.11734457314014435,
        -0.031986966729164124,
        0.8258103728294373,
        1.0144379138946533,
        0.6786192059516907,
        -0.05104808881878853,
        0.9319011569023132,
        1.0869532823562622,
        0.4437163174152374,
        0.05048885941505432,
        1.0073775053024292,
        1.0061306953430176,
        0.5032671093940735,
        0.6040405035018921,
        0.6393921375274658,
        0.3102441430091858,
        0.9987545609474182,
        -0.2470352202653885,
        1.2321091890335083,
        0.8118796348571777,
        0.6040992140769958,
        -0.26307451725006104,
        1.1394882202148438,
        0.9541241526603699,
        0.08896438777446747,
        -0.08576634526252747,
        0.6385341882705688,
        1.0045002698898315,
        0.682496190071106,
        0.3597164750099182,
        0.606005072593689,
        0.027076758444309235,
        0.5925411581993103
      ],
      "std": [
        0.12498992681503296,
        0.12361237406730652,
        0.15620192885398865,
        0.17643870413303375,
        0.10712405294179916,
        0.18556205928325653,
        0.19621187448501587,
        0.07043636590242386,
        0.08236714452505112,
        0.11519143730401993,
        0.1145377978682518,
        0.04567452892661095,
        0.10262912511825562,
        0.11403553187847137,
        0.19377416372299194,
        0.45848771929740906,
        0.389675498008728,
        0.6290417909622192,
        0.23521333932876587,
        0.513218879699707,
        0.22457142174243927,
        0.5952039361000061,
        0.18956057727336884,
        0.4632972180843353,
        0.5057411789894104,
        0.6317194104194641,
        0.12013939023017883,
        0.13553917407989502,
        0.16090217232704163,
        0.22776056826114655,
        0.15779808163642883,
        0.3647531270980835,
        0.4045024812221527,
        0.30997851490974426,
        0.13849061727523804,
        0.5066435933113098,
        0.3050743043422699,
        0.5652973055839539,
        0.14193716645240784,
        0.2653844952583313,
        0.23190224170684814,
        0.37085363268852234,
        0.19898171722888947,
        0.21961775422096252,
        0.1322079598903656,
        0.32416537404060364
      ],
      "q01": [
        -0.5338373772136867,
        -0.4848262920241803,
        1.0482472464084625,
        -0.02458129228651524,
        -1.0,
        -0.40841032926738263,
        -0.504852603495121,
        -0.5186107818424701,
        0.08407649685442448,
        1.080725123810768,
        -0.40777375238239766,
        -1.0,
        -0.00003090822696685813,
        -0.35534583130180836,
        -0.4588461216926575,
        0.05360455899331719,
        0.2637798718549311,
        -0.15477362246513365,
        -0.38289370614290236,
        0.13893992985049264,
        0.4414835531703429,
        -0.1816782806634903,
        -0.33511415781974796,
        0.14767757298424838,
        0.02654897339381277,
        -0.09781104821264744,
        0.3539701363503933,
        0.23693390668949577,
        -0.0002733894109725882,
        0.055396312041580686,
        -0.4350573154687881,
        0.2159974149726331,
        -0.16592146263718605,
        0.04380868790447712,
        -0.452881778717041,
        0.1050019291639328,
        0.3786174771945458,
        -0.2540946699500084,
        -0.476755638974905,
        -0.1317551822900772,
        0.13850940881497226,
        0.015131033733487127,
        0.23264028022661803,
        0.15630064337402583,
        -0.22930918860435487,
        -0.15239825421571732
      ],
      "q99": [
        -0.061933233367279183,
        -0.05397686611264946,
        1.6569308310508728,
        0.6433003719076513,
        -0.5538826231837273,
        0.17013727003932,
        0.2728337131738662,
        -0.21255266932249067,
        0.40624473962038754,
        1.5420242367506027,
        0.11794503423273561,
        -0.7997765235185623,
        0.44329440242052076,
        0.08821223483979701,
        0.45902755677700036,
        1.5226848509415984,
        1.687444393504411,
        1.4399807554841042,
        0.2862124179422856,
        1.5718901268171146,
        1.4068422625422476,
        1.4098742292404176,
        0.27066701441407215,
        1.542576537965797,
        1.5967976658955216,
        1.4774106983482838,
        1.1037299476742746,
        0.8622832845956553,
        0.9467075252264738,
        1.2949769692733883,
        0.21321070358753202,
        1.5252683656677604,
        1.4297548990041018,
        1.258261702975631,
        0.16565146718025203,
        1.6400142655447125,
        1.5759971899762286,
        1.4591706130146982,
        0.2568258022248746,
        1.0326864637851716,
        1.2781704326960723,
        1.3814316973529757,
        0.9946465468607844,
        0.9975554898254573,
        0.4777398810386657,
        0.9777085893511772
      ]
    },
    "actions": {
      "mean": [
        -0.3545065224170685,
        -0.23344016075134277,
        1.421142339706421,
        -2.225444793701172,
        -0.297037810087204,
        -0.1878589689731598,
        0.1553773581981659,
        0.8934566974639893,
        1.0347769260406494,
        0.7001152634620667,
        -0.011972364038228989,
        0.9103469848632812,
        1.089841604232788,
        0.455840140581131,
        0.06863883137702942,
        0.9936106204986572,
        1.0114173889160156,
        0.5177723169326782,
        0.8247286677360535,
        0.6664589643478394,
        0.49114036560058594,
        1.073256254196167,
        -0.3897373378276825,
        0.2176036387681961,
        1.3177775144577026,
        1.5903205871582031,
        -0.5007936358451843,
        0.32246506214141846,
        -0.2591922879219055,
        1.2556995153427124,
        0.8446826934814453,
        0.6010705828666687,
        -0.3705291748046875,
        1.1525448560714722,
        0.9526822566986084,
        0.05271729454398155,
        -0.3934401571750641,
        1.0057216882705688,
        1.2197341918945312,
        0.7211821675300598,
        0.5787677764892578,
        0.5416710376739502,
        0.6623579263687134,
        0.9316955208778381
      ],
      "std": [
        0.1348567008972168,
        0.12472057342529297,
        0.1723964810371399,
        1.3730140924453735,
        0.524247407913208,
        0.5536118149757385,
        0.31358134746551514,
        0.5419220328330994,
        0.3904021680355072,
        0.6339752674102783,
        0.27637067437171936,
        0.5100705027580261,
        0.20462071895599365,
        0.6115321516990662,
        0.20139560103416443,
        0.4637945294380188,
        0.510026752948761,
        0.6483002305030823,
        0.32340431213378906,
        0.10408353805541992,
        0.22661010921001434,
        0.23530064523220062,
        0.07689984142780304,
        0.07456735521554947,
        0.12253379076719284,
        2.197315216064453,
        0.6697806715965271,
        0.3957228660583496,
        0.16529394686222076,
        0.34745097160339355,
        0.39254987239837646,
        0.306858092546463,
        0.17246128618717194,
        0.46094369888305664,
        0.3080292344093323,
        0.5596638917922974,
        0.12270750105381012,
        0.3801864683628082,
        0.27426284551620483,
        0.35130512714385986,
        0.14969265460968018,
        0.15353582799434662,
        0.39764437079429626,
        0.45501866936683655
      ],