{
  "norm_stats": {
    "state": {
      "mean": [
        -0.40154072642326355,
        -0.27633869647979736,
        1.4794772863388062,
        -0.008219140581786633,
        -0.9795652031898499,
        -0.10244876146316528,
        0.05600965768098831,
        -0.39844584465026855,
        0.20582275092601776,
        1.259701132774353,
        -0.46999335289001465,
        -0.739056408405304,
        -0.005676561500877142,
        0.25433826446533203,
        -0.02222416363656521,
        0.40831422805786133,
        0.5845945477485657,
        0.2864416539669037,
        0.000023747777959215455,
        -0.17124256491661072,
        1.678835391998291,
        1.5898033380508423,
        -0.08735273033380508,
        -0.17133685946464539,
        1.6788418292999268,
        1.5898125171661377,
        0.2980383038520813,
        0.10685479640960693,
        1.0784616470336914,
        0.939906895160675,
        -0.34132325649261475,
        1.2546733617782593,
        0.876362681388855,
        0.4070635139942169,
        -0.19127003848552704,
        1.0101072788238525,
        1.2161208391189575,
        0.079177625477314,
        0.009434116072952747,
        0.7557666897773743,
        0.9863218069076538,
        0.8539990186691284,
        0.6196405291557312,
        0.6814506649971008,
        0.5066198110580444,
        0.8696275353431702
      ],
      "std": [
        0.07865194231271744,
        0.14888179302215576,
        0.05105983838438988,
        0.0734960064291954,
        0.020548462867736816,
        0.13606883585453033,
        0.049123212695121765,
        0.13091908395290375,
        0.08398020267486572,
        0.09755121171474457,
        0.3297038674354553,
        0.1624845266342163,
        0.12400921434164047,
        0.1330338418483734,
        0.005910333711653948,
        0.03854813426733017,
        0.05789865925908089,
        0.028820617124438286,
        0.000671267684083432,
        0.020742885768413544,
        0.16761565208435059,
        0.15978364646434784,
        0.008818444795906544,
        0.020762093365192413,
        0.16764196753501892,
        0.15978364646434784,
        0.0035062027163803577,
        0.011241203173995018,
        0.10897809267044067,
        0.09474732726812363,
        0.08631023019552231,
        0.34778961539268494,
        0.4458906054496765,
        0.372672975063324,
        0.07598033547401428,
        0.45492708683013916,
        0.3088736832141876,
        0.5711879730224609,
        0.15889067947864532,
        0.2189798504114151,
        0.3644062876701355,
        0.27117496728897095,
        0.1103433221578598,
        0.18590326607227325,
        0.175756573677063,
        0.2413649559020996
      ],
      "q01": [
        -0.5384768843650818,
        -0.5092566609382629,
        1.3622626066207886,
        -0.226688414812088,
        -1.0,
        -0.3623924255371094,
        -0.043188221752643585,
        -0.5843021869659424,
        0.03369979187846184,
        1.119466781616211,
        -0.8610450625419617,
        -1.0,
        -0.24889659881591797,
        -0.0031381752341985703,
        -0.030810996890068054,
        0.19620174169540405,
        0.2674129605293274,
        0.12952111661434174,
        -0.0014578846748918295,
        -0.17828314006328583,
        0.7619724869728088,
        0.7158161997795105,
        -0.09028308093547821,
        -0.17888011038303375,
        0.7620518207550049,
        0.7155346870422363,
        0.28820323944091797,
        0.04294053465127945,
        0.4814896285533905,
        0.42194369435310364,
        -0.4390852451324463,
        0.3087722361087799,
        -0.16881592571735382,
        -0.04520861804485321,
        -0.34175780415534973,
        0.05964438244700432,
        0.22939442098140717,
        -0.3485618233680725,
        -0.37448650598526,
        0.17611145973205566,
        0.04877695068717003,
        0.34667667746543884,
        0.3296722173690796,
        0.13855044543743134,
        0.034185606986284256,
        0.014070451259613037
      ],
      "q99": [
        -0.2055053412914276,
        -0.04190725088119507,
        1.6039608716964722,
        0.12219351530075073,
        -0.9039202928543091,
        0.11953198909759521,
        0.16910409927368164,
        -0.15131434798240662,
        0.4002225399017334,
        1.5172157287597656,
        0.10128313302993774,
        -0.4097970128059387,
        0.214731365442276,
        0.5845568180084229,
        0.0007015988230705261,
        0.42018699645996094,
        0.6086898446083069,
        0.3052256405353546,
        0.0017961198464035988,
        -0.05374811589717865,
        1.7075530290603638,
        1.615890383720398,
        -0.03931285813450813,
        -0.05370551347732544,
        1.7073894739151,
        1.6159846782684326,
        0.30999550223350525,
        0.11078451573848724,
        1.1007587909698486,
        0.9564786553382874,
        -0.00012496113777160645,
        1.5842453241348267,
        1.4097509384155273,
        1.247083067893982,
        0.04547432065010071,
        1.5866650342941284,
        1.6517555713653564,
        1.4110538959503174,
        0.23424282670021057,
        1.197791576385498,
        1.5062682628631592,
        1.3560398817062378,
        0.8772107362747192,
        1.0742381811141968,
        0.7464602589607239,
        1.123826503753662
      ]
    },
    "actions": {
      "mean": [
        -0.3929435908794403,
        -0.26143500208854675,
        1.4715279340744019,
        0.1754104048013687,
        0.3307420611381531,
        -0.07984576374292374,
        -0.023497892543673515,
        0.39096304774284363,
        0.5889426469802856,
        0.28997644782066345,
        0.000011899302990059368,
        -0.19598796963691711,
        1.7098346948623657,
        1.6199036836624146,
        -0.08929186314344406,
        -0.19598796963691711,
        1.7098346948623657,
        1.6199036836624146,
        0.26297810673713684,
        0.09149406105279922,
        1.0998932123184204,
        0.9569264054298401,
        -0.40625107288360596,
        0.1847768872976303,
        1.2354267835617065,
        0.8659090399742126,
        0.12844787538051605,
        -0.44074249267578125,
        -0.40656065940856934,
        1.2931560277938843,
        0.9140389561653137,
        0.39194539189338684,
        -0.3929899036884308,
        1.2176820039749146,
        1.3063106536865234,
        0.07432177662849426,
        -0.30027636885643005,
        1.063973069190979,
        1.191080093383789,
        0.8840682506561279,
        0.95257568359375,
        0.6034537553787231,
        0.802731454372406,
        1.0012125968933105
      ],