{
  "norm_stats": {
    "state": {
      "mean": [
        -0.37373191118240356,
        -0.09212224185466766,
        1.3179690837860107,
        0.08847255259752274,
        -0.9731743931770325,
        -0.03969363495707512,
        0.03296375647187233,
        -0.05339580774307251,
        0.6880521774291992,
        1.1214269399642944,
        0.7718407511711121,
        0.029925573617219925,
        0.9179871082305908,
        1.1136345863342285,
        0.5473490357398987,
        0.15599457919597626,
        0.9689260125160217,
        1.0719687938690186,
        0.47040295600891113,
        0.5795060992240906,
        0.26610860228538513,
        0.5365396738052368,
        0.8843966126441956
      ],
      "std": [
        0.07407807558774948,
        0.15033932030200958,
        0.1746126115322113,
        0.08962924033403397,
        0.022371862083673477,
        0.10488761216402054,
        0.15134990215301514,
        0.2016620934009552,
        0.46750572323799133,
        0.4744962155818939,
        0.5214301347732544,
        0.2741128206253052,
        0.55535489320755,
        0.3833523988723755,
        0.6624436378479004,
        0.25280386209487915,
        0.5503320693969727,
        0.5152990221977234,
        0.6542566418647766,
        0.29482924938201904,
        0.23321864008903503,
        0.36020758748054504,
        0.31624552607536316
      ],
      "q01": [
        -0.5739347242087126,
        -0.3558912477970123,
        1.051925521659851,
        -0.10478148515820501,
        -1.0,
        -0.2951244394212961,
        -0.2908939060330391,
        -0.41258930025100704,
        -0.15542484571933746,
        0.21165305285453798,
        -0.1751476969242096,
        -0.42809579573869705,
        -0.0990816968917847,
        0.11893360777758061,
        -0.269545119959116,
        -0.3862156291484833,
        -0.0777016227006912,
        -0.017096782964468038,
        -0.23919466438293457,
        0.21443776515200735,
        -0.06551029835939406,
        -0.1677128825724125,
        0.008071107067167765
      ],
      "q99": [
        -0.19555649780780077,
        0.15674113821983338,
        1.7034422504425049,
        0.2898429126262665,
        -0.9025844347000123,
        0.17323182476758958,
        0.3894452039003372,
        0.3462469538211823,
        1.4670018721818923,
        1.7847822041273118,
        1.478428916835785,
        0.43655341967344286,
        1.637605085992813,
        1.6560987795013933,
        1.551180014693737,
        0.4569401738524437,
        1.6243057733535768,
        1.6909051267683504,
        1.5494049803495409,
        1.3118175209783018,
        0.7698034239411353,
        1.2776135557532309,
        1.5325115345075728
      ]
    },
    "actions": {
      "mean": [
        -0.3782019317150116,
        -0.09158972650766373,
        1.3292758464813232,
        -1.937129020690918,
        -0.08113119006156921,
        0.06616927683353424,
        0.03089534491300583,
        0.8643041253089905,
        1.2661372423171997,
        0.7749126553535461,
        0.14584225416183472,
        1.042888879776001,
        1.1862925291061401,
        0.5307657122612,
        0.20962677896022797,
        1.0484840869903564,
        1.1295675039291382,
        0.4426513910293579,
        0.6739507913589478,
        0.27145901322364807,
        0.7320396900177002,
        0.9439746737480164
      ],
      "std": [
        0.08783211559057236,
        0.16319619119167328,
        0.22177323698997498,
        2.051940441131592,
        0.3717251718044281,
        0.6063154935836792,
        0.28088077902793884,
        0.551234245300293,
        0.5130952000617981,
        0.5164624452590942,
        0.3448466658592224,
        0.5807115435600281,
        0.3803519904613495,
        0.6597391366958618,
        0.2744585871696472,
        0.5563457608222961,
        0.502642810344696,
        0.652557909488678,
        0.27932509779930115,
        0.2118595391511917,
        0.4677686095237732,
        0.31465768814086914
      ],
      "q01": [
        -0.594919592949748,
        -0.39658090850114824,
        0.9613078649520874,
        -3.1114204006195068,
        -0.9029318346023559,
        -1.3076593842983244,
        -0.41418812168836594,
        -0.09961985413730144,
        0.23154041051864627,
        -0.16593673855364321,
        -0.4241094558775425,
        0.03207581458389759,
        0.13412234914302826,
        -0.22680579125881195,
        -0.38670103913545606,
        -0.003124971886724233,
        -0.01759469211101532,
        -0.2265695184469223,
        0.2691173751354218,
        -0.032268248402327296,
        -0.1690797810137272,
        0.032715623989701265
      ],
      "q99": [
        -0.17447386692911393,
        0.18992632503509532,
        1.7456459860563278,
        3.102637072324753,
        0.6441702188253402,
        1.4824718375205994,
        0.46018021898269645,
        1.507644357609749,
        1.6912959122657778,
        1.4793551344901321,
        0.4638993114173412,
        1.585462485921383,
        1.6289109872579575,
        1.5499912267476321,
        0.4507899459958077,
        1.5743520460370928,
        1.6736720617860554,
        1.545845742714405,
        1.3015494870185853,
        0.7663877066791057,
        1.3036701175242662,
        1.476896060347557
      ]
    }
  }
}