{
  "norm_stats": {
    "state": {
      "mean": [
        -0.30127182602882385,
        -0.08204087615013123,
        1.11601722240448,
        -0.09413152188062668,
        -0.9443001747131348,
        0.20232988893985748,
        -0.10535713285207748,
        0.09399010241031647,
        0.29313790798187256,
        0.49051040410995483,
        1.1621967554092407,
        -0.4418639540672302,
        0.4708276391029358,
        0.8647385239601135,
        0.8840686082839966,
        -0.2807575464248657,
        0.5319383144378662,
        0.4048294126987457,
        1.2499101161956787,
        0.48501595854759216,
        0.5924532413482666,
        0.256475567817688,
        0.8538451194763184
      ],
      "std": [
        0.05710751563310623,
        0.11377650499343872,
        0.11149130016565323,
        0.13898323476314545,
        0.04448118805885315,
        0.13111047446727753,
        0.09441367536783218,
        0.23139117658138275,
        0.1829085648059845,
        0.15070988237857819,
        0.2909732162952423,
        0.11481509357690811,
        0.18911276757717133,
        0.11652875691652298,
        0.2947251498699188,
        0.12663817405700684,
        0.18064294755458832,
        0.3157821595668793,
        0.22781839966773987,
        0.23054493963718414,
        0.17507845163345337,
        0.18999433517456055,
        0.25369536876678467
      ],
      "q01": [
        -0.4524841620206833,
        -0.3061501908302307,
        1.015393186211586,
        -0.4017414808273315,
        -1.0,
        -0.05811392027437687,
        -0.3105848743766546,
        -0.4209649165928364,
        -0.2636272626757622,
        0.22422436756361275,
        0.33135426864922046,
        -0.8236652987241746,
        0.061740997831523425,
        0.5313667920604348,
        0.06409692031741142,
        -0.6476570944488049,
        0.10688798900097607,
        0.020315253376960746,
        0.29975585513468833,
        0.09644720085859299,
        0.010006849348545066,
        -0.27562561516761774,
        0.21556805591881273
      ],
      "q99": [
        -0.18606722912788393,
        0.13217139616012574,
        1.5166389046907425,
        0.146603043615818,
        -0.8248362322330475,
        0.4775926603168249,
        0.1117630343139171,
        0.8036699582278728,
        0.5690502431869506,
        1.0263793246508577,
        1.7091625569820406,
        -0.18478351992666742,
        0.9398291602820157,
        1.2758413418754937,
        1.368021651557088,
        -0.052297486275434624,
        1.1056528783407062,
        1.3607512917518616,
        1.607156600261666,
        1.0655966896653177,
        0.8421227544546128,
        0.8245302346706391,
        1.2708136477518825
      ]
    },
    "actions": {
      "mean": [
        -0.29365116357803345,
        -0.11009472608566284,
        1.0661342144012451,
        0.5142176747322083,
        -0.31292930245399475,
        0.05541498214006424,
        0.07496793568134308,
        0.32914331555366516,
        0.500183641910553,
        1.1604440212249756,
        -0.4248534142971039,
        0.5127955675125122,
        0.858837366104126,
        0.8662450909614563,
        -0.28128910064697266,
        0.566036581993103,
        0.39116886258125305,
        1.2295043468475342,
        0.8139253258705139,
        0.64832603931427,
        0.31818005442619324,
        0.8675501346588135
      ],
      "std": [
        0.051926106214523315,
        0.12179349362850189,
        0.07189765572547913,
        2.569080114364624,
        0.6815910935401917,
        0.49981489777565,
        0.19936306774616241,
        0.12062329053878784,
        0.1466553807258606,
        0.2629971504211426,
        0.03614332899451256,
        0.18524128198623657,
        0.061507448554039,
        0.28669294714927673,
        0.09886704385280609,
        0.17455244064331055,
        0.30047348141670227,
        0.20736782252788544,
        0.24778373539447784,
        0.10527388006448746,
        0.12133798003196716,
        0.2470475137233734
      ],
      "q01": [
        -0.43355561400949955,
        -0.31719061864614484,
        0.9452674472212792,
        -3.0848907306194304,
        -1.3321678209781647,
        -1.1144790946245193,
        -0.42755985450744627,
        0.015590373435616506,
        0.2961229876279831,
        0.3959060670912266,
        -0.4652122217178345,
        0.21478098621368408,
        0.7057014005184173,
        0.10765861973762512,
        -0.4430902532286942,
        0.20878891944885253,
        0.02576424638740718,
        0.3850871225118637,
        0.38933480978012086,
        0.45372734546661375,
        0.0885345703125,
        0.2764778267495334
      ],
      "q99": [
        -0.16815997888147832,
        0.16627802954912185,
        1.3297425684690476,
        3.0800190396785734,
        1.1809005641698835,
        1.1367821301937102,
        0.3671126044988632,
        0.5563101052105427,
        1.1029585359811784,
        1.4757812649816275,
        -0.3111993473529816,
        0.9549426527023315,
        1.0076042976379394,
        1.362328914642334,
        -0.08557211050912739,
        1.15463978767395,
        1.3633207245301455,
        1.4788310483932494,
        1.2810457775592805,
        0.8314284563064575,
        0.7546188766479492,
        1.2384430815391243
      ]
    }
  }
}