{
  "norm_stats": {
    "state": {
      "mean": [
        -0.33136269450187683,
        -0.15342988073825836,
        1.1529046297073364,
        0.3614373505115509,
        -0.7845452427864075,
        -0.06695225089788437,
        0.2298564910888672,
        -0.07514845579862595,
        0.36891043186187744,
        0.7711338400840759,
        1.059730887413025,
        -0.10194135457277298,
        0.7368378043174744,
        1.0627195835113525,
        0.4549493193626404,
        0.015622559003531933,
        0.8385356664657593,
        1.0731773376464844,
        0.494539737701416,
        0.8072459697723389,
        0.7026309967041016,
        0.22083747386932373,
        0.9774355292320251
      ],
      "std": [
        0.06688684225082397,
        0.12539184093475342,
        0.11238904297351837,
        0.3152450621128082,
        0.22227619588375092,
        0.1556515246629715,
        0.1533687859773636,
        0.19945749640464783,
        0.26363977789878845,
        0.3209257125854492,
        0.46402841806411743,
        0.2445753961801529,
        0.3319012522697449,
        0.1558780074119568,
        0.4916808009147644,
        0.15859435498714447,
        0.35969099402427673,
        0.3480370044708252,
        0.5630608797073364,
        0.19665129482746124,
        0.12586958706378937,
        0.20069244503974915,
        0.24547001719474792
      ],
      "q01": [
        -0.45689601100981236,
        -0.3349798619106412,
        1.0183394676685333,
        -0.02221320707499981,
        -0.9999999403953552,
        -0.3284151324301958,
        -0.003028129264712333,
        -0.41502255767583845,
        -0.005891529271006585,
        0.28889646196365354,
        0.03327069736719132,
        -0.5579635654985904,
        0.1055784940719604,
        0.624784368276596,
        -0.2535711465239525,
        -0.3071271517276764,
        0.05643849074840546,
        0.16286318021006882,
        -0.13594896495342257,
        0.4156593415498734,
        0.3040338817119599,
        -0.09105425390601157,
        0.09604673000387848
      ],
      "q99": [
        -0.20324133276939393,
        0.05757181055992838,
        1.5151297108411788,
        0.8183353981018067,
        -0.36076352471113204,
        0.16236365332305436,
        0.564547846287489,
        0.44315776586532596,
        1.035288381320238,
        1.3823731195926665,
        1.4612876031577589,
        0.3564022923350334,
        1.2088115805387496,
        1.4036872506141662,
        1.2635557886838913,
        0.2833087594509124,
        1.3692129909992217,
        1.6111045986548997,
        1.4285306824445723,
        1.1874491645097733,
        0.9507343228816987,
        0.9441413996636867,
        1.265466385822743
      ]
    },
    "actions": {
      "mean": [
        -0.3164913058280945,
        -0.1471172422170639,
        1.1102465391159058,
        -1.6147862672805786,
        -0.21911127865314484,
        0.6511760950088501,
        -0.006618664599955082,
        0.5434723496437073,
        0.8673355579376221,
        1.038851022720337,
        -0.01615631952881813,
        0.9005274772644043,
        1.1078441143035889,
        0.41661468148231506,
        0.070991151034832,
        1.0017712116241455,
        1.1402583122253418,
        0.4407779276371002,
        0.974493145942688,
        0.6883342266082764,
        0.4532468616962433,
        1.0685644149780273
      ],
      "std": [
        0.07126418501138687,
        0.14174970984458923,
        0.07256194204092026,
        1.2794967889785767,
        0.4117259085178375,
        0.3813023269176483,
        0.2180667221546173,
        0.38469839096069336,
        0.356693297624588,
        0.48333072662353516,
        0.27005842328071594,
        0.3446841239929199,
        0.13935062289237976,
        0.48075592517852783,
        0.16742585599422455,
        0.38410452008247375,
        0.32176658511161804,
        0.5328080058097839,
        0.2627358138561249,
        0.10253383219242096,
        0.20846189558506012,
        0.2637860178947449
      ],
      "q01": [
        -0.4840315204888582,
        -0.373586825928092,
        0.9883936208188534,
        -3.087534767627716,
        -0.8158448375463485,
        -0.6485602376937866,
        -0.3621495777368546,
        0.08347175054550171,
        0.36843236308693883,
        0.07923120741695167,
        -0.37927823574543,
        0.21438554286956787,
        0.8498253059864044,
        -0.20501219884157182,
        -0.2592726514160633,
        0.30803325946629045,
        0.2738263400644064,
        -0.09681259365081787,
        0.4382847889184952,
        0.44006202588081356,
        0.06028713009804487,
        0.12204498698115351
      ],
      "q99": [
        -0.19229850547611715,
        0.09276225404441352,
        1.3581235741853712,
        3.0698701796531678,
        0.5531677255630494,
        1.3702490955829623,
        0.4654344776272773,
        1.3401525784015655,
        1.6090397158384322,
        1.4669031606659295,
        0.4023924027204513,
        1.3245443049430847,
        1.3466965965747835,
        1.2369169382572174,
        0.2807580858945846,
        1.4679500907331704,
        1.5809984364919365,
        1.4022192991256714,
        1.312560584461689,
        0.8763653285980224,
        0.8879816593937576,
        1.3286068584010007
      ]
    }
  }
}