{
  "norm_stats": {
    "state": {
      "mean": [
        -0.3860005736351013,
        -0.27951666712760925,
        1.1847009658813477,
        0.21456435322761536,
        -0.917626142501831,
        -0.21297237277030945,
        -0.024162722751498222,
        -0.5172417163848877,
        0.2941155433654785,
        1.1409283876419067,
        -0.6152545213699341,
        -0.6447396874427795,
        0.2941761314868927,
        0.13322170078754425,
        -0.279335081577301,
        0.34535568952560425,
        0.6929678916931152,
        1.1019818782806396,
        -0.14708097279071808,
        0.7945142388343811,
        0.894549548625946,
        0.804233968257904,
        0.02537517622113228,
        0.8321163058280945,
        0.9242249131202698,
        0.6190991997718811,
        0.9105768203735352,
        0.320326566696167,
        0.5667406320571899,
        0.7804531455039978,
        -0.08812378346920013,
        0.36783307790756226,
        1.3716591596603394,
        1.1758860349655151,
        0.1306026428937912,
        0.4071870446205139,
        1.3029173612594604,
        1.096346378326416,
        0.3090158998966217,
        0.26463431119918823,
        1.2835630178451538,
        1.205199956893921,
        0.7085450291633606,
        0.3724866211414337,
        1.2683582305908203,
        1.3885633945465088
      ],
      "std": [
        0.09092460572719574,
        0.2081695944070816,
        0.106402188539505,
        0.15397027134895325,
        0.07843337953090668,
        0.15938211977481842,
        0.1035480871796608,
        0.10601945221424103,
        0.15650558471679688,
        0.10575713962316513,
        0.1826906055212021,
        0.15788954496383667,
        0.15718042850494385,
        0.13592131435871124,
        0.09904228895902634,
        0.21636681258678436,
        0.39243102073669434,
        0.3316842317581177,
        0.19403669238090515,
        0.38444551825523376,
        0.6167330741882324,
        0.4743661880493164,
        0.23402009904384613,
        0.5082804560661316,
        0.5637612342834473,
        0.47678905725479126,
        0.24371105432510376,
        0.2763196527957916,
        0.38201940059661865,
        0.2925269305706024,
        0.2600966989994049,
        0.4850584864616394,
        0.42570215463638306,
        0.4174976050853729,
        0.2372412532567978,
        0.42118459939956665,
        0.2981559932231903,
        0.4883496165275574,
        0.19466246664524078,
        0.3276403546333313,
        0.3329911530017853,
        0.2825322151184082,
        0.19288933277130127,
        0.15746019780635834,
        0.242342010140419,
        0.1786835789680481
      ],
      "q01": [
        -0.6024624740395695,
        -0.6007702926546336,
        1.035801125717163,
        -0.017962410184741012,
        -1.0,
        -0.5565538583517075,
        -0.3221998912572861,
        -0.7700651179105044,
        0.04058654709160328,
        0.9997261066436768,
        -0.8543051293924451,
        -1.0,
        -0.10928843727111814,
        -0.21569225539565084,
        -0.4842535398006439,
        -0.041207847619056714,
        0.23296407532691954,
        0.05826126148700714,
        -0.4348739349365234,
        0.13879907376766198,
        0.08948350582122802,
        -0.22876479721069334,
        -0.38856920385360716,
        0.03610849571228025,
        0.14151707611083983,
        -0.22018080964684486,
        0.295523927341029,
        -0.049005126070976235,
        -0.17538541080951686,
        0.1485565942078829,
        -0.9284102841973305,
        -0.9941121336936951,
        -0.019555971848964737,
        -0.17578246452212334,
        -0.5056977252960205,
        -0.600540833711624,
        0.49554663429260254,
        -0.10520140200853348,
        -0.3513172147750855,
        -0.5178579621315003,
        0.2036586965560913,
        0.3644528603553772,
        0.29052366597205403,
        0.049200614643096996,
        0.2837363829612731,
        0.5388518849269575
      ],
      "q99": [
        -0.16553437906056645,
        0.15028111428022395,
        1.5166652130126952,
        0.5854621584683657,
        -0.6532434383481741,
        0.34455275398492824,
        0.2412631474494934,
        -0.35834012213647365,
        0.6771176531165839,
        1.5162815670013428,
        -0.0005963223107158244,
        -0.2969913595199585,
        0.5897636920928955,
        0.44685673292875294,
        0.005227127122878983,
        0.9714188025474548,
        1.50465961355716,
        1.5154822552919387,
        0.23991393594741828,
        1.5166697625875472,
        1.6921668624401092,
        1.421181583106518,
        0.4052785515785218,
        1.593355589956045,
        1.6500497971534727,
        1.392225134074688,
        1.3231971762157975,
        0.8869878807306291,
        1.1293887367963795,
        1.3159833553120495,
        0.5965398609161379,
        1.2688742254257201,
        2.1917753783464433,
        1.8755447148680684,
        0.6570698032379152,
        1.242402545309067,
        2.0566226387500763,
        1.8997961921691893,
        0.7754180743217469,
        1.0040116569519042,
        1.8954422094345091,
        1.6518367052078247,
        1.2708181567355992,
        0.7305794647216799,
        1.6044274896621706,
        1.534509456402778
      ]
    },
    "actions": {
      "mean": [
        -0.37025460600852966,
        -0.2777452766895294,
        1.1565468311309814,
        -2.428621768951416,
        -0.6554573774337769,
        -0.05030546337366104,
        -0.2827399671077728,
        0.3625568151473999,
        0.739352285861969,
        1.1464756727218628,
        -0.09559272229671478,
        0.8754992485046387,
        0.9688320755958557,
        0.8269098401069641,
        0.09880426526069641,
        0.8635576367378235,
        0.9403568506240845,
        0.625249445438385,
        1.0275079011917114,
        0.32768890261650085,
        0.7116917371749878,
        0.8202926516532898,
        -0.5235052704811096,
        0.2827998995780945,
        1.1166386604309082,
        1.3312386274337769,
        -0.8834858536720276,
        -0.45861509442329407,
        -0.13335371017456055,
        0.5699054598808289,
        1.4713302850723267,
        1.2045990228652954,
        0.0976012647151947,
        0.6809089183807373,
        1.4001116752624512,
        1.1357823610305786,
        0.3402197062969208,
        0.4534609317779541,
        1.4237040281295776,
        1.2636128664016724,
        0.7087434530258179,
        0.3446110188961029,
        1.3213539123535156,
        1.4260952472686768
      ],
      "std": [
        0.11972340941429138,
        0.21219024062156677,
        0.08405318856239319,
        0.7940561175346375,
        0.31436723470687866,
        0.2694740295410156,
        0.0848158523440361,
        0.29270243644714355,
        0.46741893887519836,
        0.3070821464061737,
        0.25157979130744934,
        0.4469543397426605,
        0.6556196212768555,
        0.46815916895866394,
        0.2905982434749603,
        0.5319791436195374,
        0.5782471895217896,
        0.48177453875541687,
        0.20563974976539612,
        0.2697465121746063,
        0.41359764337539673,
        0.28561562299728394,
        0.1402394026517868,
        0.17928065359592438,
        0.0888410285115242,
        0.4022682011127472,
        0.2921653389930725,
        0.39987730979919434,
        0.16666144132614136,
        0.4286353886127472,
        0.3143310248851776,
        0.367622435092926,
        0.20490585267543793,
        0.4651411175727844,
        0.17909441888332367,
        0.43501967191696167,
        0.09636072814464569,
        0.342072993516922,
        0.2297087013721466,
        0.2413835972547531,
        0.1423046737909317,
        0.12830878794193268,
        0.16375595331192017,
        0.10118973255157471
      ],