{
  "norm_stats": {
    "state": {
      "mean": [
        -0.3456496596336365,
        -0.1816890388727188,
        1.1665637493133545,
        0.2866677939891815,
        -0.8442822098731995,
        -0.029571259394288063,
        0.19238053262233734,
        -0.09846774488687515,
        0.28507351875305176,
        0.719240128993988,
        1.2000657320022583,
        -0.14604894816875458,
        0.67197185754776,
        1.0465683937072754,
        0.5309358239173889,
        -0.016263814643025398,
        0.7731843590736389,
        1.0424964427947998,
        0.5895264148712158,
        0.7812634110450745,
        0.7040418386459351,
        0.23200802505016327,
        0.9595575928688049
      ],
      "std": [
        0.06252645701169968,
        0.11877333372831345,
        0.11897341161966324,
        0.298107385635376,
        0.19697821140289307,
        0.1448277086019516,
        0.13594478368759155,
        0.17180562019348145,
        0.19347228109836578,
        0.311191588640213,
        0.3571816682815552,
        0.23183050751686096,
        0.32841870188713074,
        0.1621306985616684,
        0.48317989706993103,
        0.15218499302864075,
        0.36109060049057007,
        0.36576128005981445,
        0.5715720057487488,
        0.19738222658634186,
        0.13044056296348572,
        0.21037183701992035,
        0.26569870114326477
      ],
      "q01": [
        -0.45481973212063315,
        -0.33633389859199525,
        1.0335770518302918,
        -0.024916027896106238,
        -1.0,
        -0.3169161534011364,
        -0.0018122806668281546,
        -0.4189586152791977,
        -0.013090555757284184,
        0.22968107357025147,
        0.07360616724789143,
        -0.5785054641664028,
        0.07940120997428896,
        0.5161635845899583,
        -0.25483075847625736,
        -0.31296623995304107,
        0.017941013455390897,
        0.14118898787498474,
        -0.1394695590674877,
        0.39424190216064453,
        0.2484195989446416,
        -0.098977867603302,
        0.07201045245304703
      ],
      "q99": [
        -0.20676127296090124,
        0.0423464528441429,
        1.5166713726758956,
        0.8053628490120173,
        -0.3980168212175369,
        0.1656180294066667,
        0.5195347872257233,
        0.39288689454793935,
        0.955215708234906,
        1.39368206987381,
        1.4641927989639343,
        0.34048198619484915,
        1.1600371807098389,
        1.420482184791565,
        1.2729827850341797,
        0.25915680066347124,
        1.3628184454143046,
        1.6152441672563553,
        1.436660556280613,
        1.1841114387512208,
        0.9464845934892946,
        0.9617118616819382,
        1.2664627885319293
      ]
    },
    "actions": {
      "mean": [
        -0.3265824019908905,
        -0.17487233877182007,
        1.1154245138168335,
        -1.72614324092865,
        -0.15336279571056366,
        0.5971189737319946,
        -0.04555153846740723,
        0.4376765191555023,
        0.814574658870697,
        1.1720938682556152,
        -0.05476390942931175,
        0.8468109965324402,
        1.0921298265457153,
        0.48332831263542175,
        0.045126043260097504,
        0.9408662915229797,
        1.1129097938537598,
        0.5225903391838074,
        0.9373204708099365,
        0.6939361691474915,
        0.42638257145881653,
        1.0457439422607422
      ],
      "std": [
        0.07196161150932312,
        0.1394866406917572,
        0.0755811408162117,
        1.3821868896484375,
        0.4222407042980194,
        0.38026708364486694,
        0.18956731259822845,
        0.3220895826816559,
        0.34704476594924927,
        0.4016597867012024,
        0.2691267132759094,
        0.3534739911556244,
        0.13830086588859558,
        0.47892996668815613,
        0.1698017120361328,
        0.39046064019203186,
        0.3384104371070862,
        0.5486719012260437,
        0.27138787508010864,
        0.10146503150463104,
        0.21117983758449554,
        0.28412073850631714
      ],
      "q01": [
        -0.4840315204888582,
        -0.37730275485217574,
        0.9877127185106277,
        -3.0913046073913573,
        -0.8268070570230484,
        -0.698150248336792,
        -0.3736590248644352,
        0.07507388343811036,
        0.36541918559074404,
        0.09908126836791636,
        -0.37927823574543,
        0.20833425731658936,
        0.8437305062770843,
        -0.20467324041724205,
        -0.2592726514160633,
        0.3038192110329866,
        0.23284816255792976,
        -0.09429321231842042,
        0.43331618357896806,
        0.42843064255714414,
        0.05240887239202857,
        0.10205934311002494
      ],
      "q99": [
        -0.19229850547611715,
        0.08864818987846368,
        1.374919164454937,
        3.0761532459259042,
        0.569611054778099,
        1.3350401880264284,
        0.46470371907949437,
        1.3260561586141586,
        1.5920563517689705,
        1.47392702838704,
        0.4038930502772331,
        1.3245443049430847,
        1.3466965965747835,
        1.2369169382572174,
        0.2807580858945846,
        1.4668965786248445,
        1.5816337570734322,
        1.404423757791519,
        1.312560584461689,
        0.8763653285980224,
        0.9008733538217842,
        1.3323184779770674
      ]
    }
  }
}