{
  "norm_stats": {
    "state": {
      "mean": [
        -0.3361397385597229,
        -0.12243251502513885,
        1.164746642112732,
        0.14095471799373627,
        -0.9595301151275635,
        -0.11988330632448196,
        0.025177260860800743,
        -0.2171451449394226,
        0.34856900572776794,
        0.7894719243049622,
        1.1296591758728027,
        -0.17540405690670013,
        0.6795241832733154,
        0.8959240913391113,
        0.9193297624588013,
        -0.012963341549038887,
        0.7058496475219727,
        0.8844651579856873,
        0.8013118505477905,
        1.0550061464309692,
        0.3593605160713196,
        0.14044034481048584,
        0.8119310140609741
      ],
      "std": [
        0.10402625799179077,
        0.17889569699764252,
        0.10725917667150497,
        0.0870538279414177,
        0.03857344761490822,
        0.1562948226928711,
        0.1045626625418663,
        0.13947533071041107,
        0.23254825174808502,
        0.45802003145217896,
        0.32926905155181885,
        0.19783160090446472,
        0.38312843441963196,
        0.5968330502510071,
        0.47208017110824585,
        0.23964473605155945,
        0.458589106798172,
        0.6127133369445801,
        0.5073979496955872,
        0.23980003595352173,
        0.3028612434864044,
        0.29017671942710876,
        0.34852758049964905
      ],
      "q01": [
        -0.5403257743962109,
        -0.3679334141433239,
        1.0361365606546402,
        -0.059362646955251674,
        -1.0,
        -0.46302894353866575,
        -0.2714953120112419,
        -0.43841057555675506,
        -0.01556425353288654,
        0.2601537851874717,
        0.15320906910896304,
        -0.4263062992930412,
        0.11131348319351675,
        0.07614347711727024,
        -0.17320092828273773,
        -0.40166869038343433,
        -0.000036890435218817075,
        0.005608899205923085,
        -0.21107752739191055,
        0.34468290155827996,
        -0.05799776663780212,
        -0.26372182848453524,
        -0.04057792207002639
      ],
      "q99": [
        -0.12447074560150506,
        0.2513465636074542,
        1.516534465265274,
        0.33171180653870114,
        -0.8368794714450836,
        0.1546221590042114,
        0.3237363887131214,
        0.252066096663475,
        1.0793908513188362,
        1.644302358621359,
        1.5057672474503518,
        0.29119499216079714,
        1.4960343267172576,
        1.7069030479663982,
        1.508835474395752,
        0.432102413713932,
        1.551129361987114,
        1.6758326218649744,
        1.4842832822918892,
        1.3537117157131433,
        0.9603604467630387,
        0.9797004482507705,
        1.3851834340810776
      ]
    },
    "actions": {
      "mean": [
        -0.333768755197525,
        -0.12026206403970718,
        1.1475926637649536,
        -2.3769633769989014,
        -0.346099317073822,
        0.08117402344942093,
        -0.22566024959087372,
        0.3663002550601959,
        0.815830647945404,
        1.1562310457229614,
        -0.16116544604301453,
        0.7019572257995605,
        0.9135687351226807,
        0.9479383230209351,
        -0.0066006979905068874,
        0.7046405076980591,
        0.8806535601615906,
        0.8196353316307068,
        1.1358914375305176,
        0.3536774218082428,
        0.21314729750156403,
        0.8426004648208618
      ],
      "std": [
        0.11241833865642548,
        0.1940893530845642,
        0.10216869413852692,
        1.3425850868225098,
        0.5042641758918762,
        0.39743494987487793,
        0.1472708284854889,
        0.2802257239818573,
        0.48813968896865845,
        0.31306901574134827,
        0.23715125024318695,
        0.42134276032447815,
        0.6175934672355652,
        0.45987391471862793,
        0.2599022388458252,
        0.4658476412296295,
        0.6304264664649963,
        0.4999313950538635,
        0.22940827906131744,
        0.2940804660320282,
        0.33556002378463745,
        0.34390151500701904
      ],
      "q01": [
        -0.5735005464952438,
        -0.39587074315547943,
        0.967694684791565,
        -3.0875495457172395,
        -1.3042795157432556,
        -0.896971386909485,
        -0.43453406180143356,
        -0.025732476037740704,
        0.3263242678642273,
        0.29085816943645476,
        -0.43135313510894774,
        0.1324132960245013,
        0.07395429625511168,
        -0.156519291973114,
        -0.40470833201408385,
        0.023766073012351993,
        -0.0003281591415405273,
        -0.20014816226959228,
        0.3867469858407975,
        -0.05754255757629871,
        -0.18369160668849946,
        -0.0070662877023220105
      ],
      "q99": [
        -0.09804685576558114,
        0.3082110451340676,
        1.43337011115551,
        3.0624247030735017,
        0.7213790202140808,
        1.2711305903434753,
        0.2738849801659584,
        1.2474621580421925,
        1.6566192646026612,
        1.5123213127851487,
        0.41438621997833247,
        1.5264410183757542,
        1.6366118924617767,
        1.515460916519165,
        0.45171801338195805,
        1.5326257033109665,
        1.6677806076049804,
        1.4900101327657698,
        1.35761147916317,
        0.9350652811110021,
        1.0663076146364212,
        1.3820332688868047
      ]
    }
  }
}