{
  "norm_stats": {
    "state": {
      "mean": [
        -0.34108567237854004,
        -0.2441658079624176,
        1.301322340965271,
        0.14901870489120483,
        -0.9309639930725098,
        0.22353315353393555,
        0.0378105528652668,
        0.10322403162717819,
        0.7748352289199829,
        0.8642059564590454,
        0.5861012935638428,
        0.07700364291667938,
        0.8417076468467712,
        1.0651884078979492,
        0.3746081590652466,
        0.08900468051433563,
        0.8846336603164673,
        1.014864206314087,
        0.4756571650505066,
        0.7512587904930115,
        0.5484947562217712,
        0.5377981662750244,
        0.9758236408233643
      ],
      "std": [
        0.09964089840650558,
        0.15565839409828186,
        0.13388659060001373,
        0.15370498597621918,
        0.06421780586242676,
        0.09777291119098663,
        0.14964629709720612,
        0.26540765166282654,
        0.4085199236869812,
        0.2216721624135971,
        0.6304466128349304,
        0.28223535418510437,
        0.42613157629966736,
        0.13592122495174408,
        0.6632825136184692,
        0.1840057671070099,
        0.4856169521808624,
        0.2807046175003052,
        0.685002326965332,
        0.28589877486228943,
        0.1357489973306656,
        0.20284956693649292,
        0.15287356078624725
      ],
      "q01": [
        -0.5081819241285324,
        -0.5202723887469619,
        1.0514358070373535,
        -0.14567732882499695,
        -1.0,
        -0.003207787194848044,
        -0.3252009136617183,
        -0.4118662075996399,
        0.0515528588533401,
        0.27680825424194333,
        -0.056766177672147755,
        -0.37177932530641555,
        0.07653649151325226,
        0.40266159846782684,
        -0.21671021899580956,
        -0.26331029636859893,
        0.06793684187531468,
        0.12418779029846191,
        -0.14791975848674774,
        0.23433990369737148,
        0.1234004161424935,
        0.17773248138725756,
        0.39498193615372
      ],
      "q99": [
        -0.14574764542579655,
        0.00027857384644447425,
        1.5171813735961914,
        0.6074922056198121,
        -0.6973531695365905,
        0.39555396269261844,
        0.380496995317936,
        0.45443024593591685,
        1.2760428166985511,
        1.4340299854278564,
        1.4313990309357643,
        0.409234589189291,
        1.3678320422768593,
        1.2887746125221253,
        1.355411652392149,
        0.37517004189491276,
        1.4459194698125124,
        1.5340014551639556,
        1.4389522827357055,
        1.2190709712430836,
        0.8027688558362425,
        1.1297946385532618,
        1.2268970688985006
      ]
    },
    "actions": {
      "mean": [
        -0.297472208738327,
        -0.24192185699939728,
        1.2252421379089355,
        -1.7275105714797974,
        0.5423263311386108,
        0.24993543326854706,
        0.22294466197490692,
        1.0521644353866577,
        0.9621107578277588,
        0.5073311924934387,
        0.16668109595775604,
        0.9809470176696777,
        1.1168951988220215,
        0.28291386365890503,
        0.14294035732746124,
        1.07028329372406,
        1.0934174060821533,
        0.38314732909202576,
        0.9326210021972656,
        0.5696144104003906,
        0.7363225221633911,
        1.0366781949996948
      ],
      "std": [
        0.11757788807153702,
        0.18360090255737305,
        0.20549216866493225,
        1.803861379623413,
        0.611158013343811,
        0.5771669149398804,
        0.3391167223453522,
        0.5014731884002686,
        0.25314202904701233,
        0.609276533126831,
        0.3109746277332306,
        0.43704310059547424,
        0.09373028576374054,
        0.64287269115448,
        0.19562409818172455,
        0.524707555770874,
        0.24157267808914185,
        0.6602987051010132,
        0.3353271186351776,
        0.10279770195484161,
        0.1852668672800064,
        0.08646094799041748
      ],
      "q01": [
        -0.5443062862873077,
        -0.5599939759939909,
        0.8115901197910309,
        -3.0070410786628723,
        -1.2670928421020506,
        -1.1129469784736634,
        -0.4147802725672722,
        0.15732260692119598,
        0.5355891944885254,
        -0.03152774046957493,
        -0.37457016423344613,
        0.1447465142250061,
        0.9018311760902404,
        -0.208860844373703,
        -0.25486107063293456,
        0.18094573736190797,
        0.21731803793907165,
        -0.10501061093807221,
        0.33927497532367706,
        0.28095003676414493,
        0.2785654438018799,
        0.7367381948471069
      ],
      "q99": [
        -0.08311197648048396,
        0.05302128843069076,
        1.5965034467697143,
        2.9901512870788576,
        1.4321598882675173,
        1.492491346168518,
        0.46842495434284215,
        1.5127408727645872,
        1.5805846958637237,
        1.4312883066177369,
        0.4247330504834652,
        1.4246104294776916,
        1.3012562525749207,
        1.35281404427886,
        0.3524717320203782,
        1.4691846203804018,
        1.5667038818836212,
        1.4340549535691738,
        1.2732728029489517,
        0.7505214385986329,
        1.1223539051771165,
        1.2320578536033628
      ]
    }
  }
}