{
  "norm_stats": {
    "state": {
      "mean": [
        -0.4019208550453186,
        -0.27737247943878174,
        1.4792683124542236,
        -0.007892386056482792,
        -0.9794252514839172,
        -0.10309509187936783,
        0.05446672812104225,
        -0.3987230062484741,
        0.2074897140264511,
        1.2607864141464233,
        -0.46741214394569397,
        -0.7406348586082458,
        -0.007980689406394958,
        0.25348764657974243,
        -0.022230681031942368,
        0.408389151096344,
        0.5845948457717896,
        0.2864273488521576,
        0.000022518477635458112,
        -0.17121557891368866,
        1.6788173913955688,
        1.5897616147994995,
        -0.0873527005314827,
        -0.17130914330482483,
        1.678824782371521,
        1.5897713899612427,
        0.29805076122283936,
        0.10686300694942474,
        1.0784177780151367,
        0.9398884773254395,
        -0.34079012274742126,
        1.2485536336898804,
        0.8734732866287231,
        0.41919925808906555,
        -0.1920834183692932,
        1.0064358711242676,
        1.217326045036316,
        0.0874754935503006,
        0.008701703511178493,
        0.7526991963386536,
        0.9856895804405212,
        0.8616008758544922,
        0.6217115521430969,
        0.6805084943771362,
        0.5037962794303894,
        0.8665186762809753
      ],
      "std": [
        0.07804141193628311,
        0.14899671077728271,
        0.0507107749581337,
        0.07403891533613205,
        0.020648293197155,
        0.13714006543159485,
        0.048509418964385986,
        0.1318829506635666,
        0.08348667621612549,
        0.09689461439847946,
        0.33028683066368103,
        0.16244307160377502,
        0.1242678165435791,
        0.13321535289287567,
        0.005882292985916138,
        0.03856649249792099,
        0.057945992797613144,
        0.02883857861161232,
        0.0006780214025638998,
        0.020756080746650696,
        0.1677500158548355,
        0.1599111706018448,
        0.008826098404824734,
        0.020774155855178833,
        0.16775712370872498,
        0.15990819036960602,
        0.003494495991617441,
        0.011250602081418037,
        0.10906119644641876,
        0.0948171317577362,
        0.08718764781951904,
        0.3499611020088196,
        0.444046288728714,
        0.37601685523986816,
        0.0750131756067276,
        0.45559099316596985,
        0.3083808124065399,
        0.5782759785652161,
        0.1612599939107895,
        0.21690544486045837,
        0.3595126271247864,
        0.26911163330078125,
        0.10840489715337753,
        0.18634256720542908,
        0.176627516746521,
        0.2423425018787384
      ],
      "q01": [
        -0.5384768820494413,
        -0.5092566503582523,
        1.3617148332595825,
        -0.22694232875704767,
        -1.0,
        -0.3627544006109238,
        -0.04389930590987205,
        -0.5842072968930005,
        0.03556590278628282,
        1.1238930082321168,
        -0.8610450547933578,
        -1.0,
        -0.24889659784436227,
        -0.002998148738592863,
        -0.03058590812981129,
        0.1963029919599183,
        0.26769913716614246,
        0.12944806523472072,
        -0.00147317439224571,
        -0.17823978770524262,
        0.7623141885534628,
        0.7154929653121682,
        -0.09031950110076868,
        -0.17888011130690576,
        0.7627351075246931,
        0.7152114599429071,
        0.2882032250583172,
        0.04294053463719902,
        0.48148964598950406,
        0.4219436896656393,
        -0.43947529916763306,
        0.30877221360728146,
        -0.16788113536536695,
        -0.04459644558429718,
        -0.34242736011743546,
        0.060109301999211315,
        0.23010755804872607,
        -0.34856183065772056,
        -0.3744865374326706,
        0.17598777705403046,
        0.049462666367646305,
        0.35049248997212856,
        0.3303685947418213,
        0.13636141529915477,
        0.027214277487993238,
        0.005317734929919243
      ],
      "q99": [
        -0.20541371104270217,
        -0.041774346248805494,
        1.6039608540534973,
        0.12430950021147724,
        -0.9037627124786377,
        0.11784271645545963,
        0.16664761418849228,
        -0.15169389569759367,
        0.40022252332365604,
        1.5173025198936463,
        0.0998309850692749,
        -0.4092871778130531,
        0.2129156823098659,
        0.5830165222648531,
        0.0006734652109444128,
        0.42028825005823744,
        0.6084036579303443,
        0.30515258294637315,
        0.0017961199064739052,
        -0.05374811859279871,
        1.707553044940764,
        1.6158903736692096,
        -0.03931286013243807,
        -0.05370551280677319,
        1.7073895205225795,
        1.6159846493458376,
        0.3100043626248836,
        0.11078451641223074,
        1.1007588088535762,
        0.9564786464207297,
        -0.00012497944831846297,
        1.584245303156972,
        1.4139575807362794,
        1.2489195303201674,
        0.041456944644451155,
        1.5888677830286324,
        1.6524686547766907,
        1.4117866411328315,
        0.2421121472477913,
        1.140474526219815,
        1.4918681776565732,
        1.357788131262618,
        0.8759920721054077,
        1.0698600678493633,
        0.7484659015417099,
        1.1240614669799804
      ]
    },
    "actions": {
      "mean": [
        -0.3932695984840393,
        -0.26227685809135437,
        1.471343994140625,
        0.1395283192396164,
        0.33133208751678467,
        -0.07384969294071198,
        -0.02349788323044777,
        0.39096295833587646,
        0.5889426469802856,
        0.28997644782066345,
        0.000011899301171069965,
        -0.19598793983459473,
        1.709834337234497,
        1.619903564453125,
        -0.08929183334112167,
        -0.19598793983459473,
        1.709834337234497,
        1.619903564453125,
        0.26297810673713684,
        0.09149402379989624,
        1.0998930931091309,
        0.9569261074066162,
        -0.4066851735115051,
        0.18651781976222992,
        1.2365187406539917,
        0.8556827306747437,
        0.13672131299972534,
        -0.43568673729896545,
        -0.40568652749061584,
        1.287940263748169,
        0.9111543297767639,
        0.4034256041049957,
        -0.39264529943466187,
        1.2140787839889526,
        1.3074989318847656,
        0.08161222189664841,
        -0.2993764877319336,
        1.0612940788269043,
        1.1901328563690186,
        0.8913227319717407,
        0.9519726634025574,
        0.6033885478973389,
        0.7981608510017395,
        0.9982934594154358
      ],