{
  "norm_stats": {
    "state": {
      "mean": [
        -0.30438175797462463,
        -0.0581342987716198,
        1.1302309036254883,
        -0.10906051844358444,
        -0.9422398805618286,
        0.19714513421058655,
        -0.12172572314739227,
        0.0534176230430603,
        0.3414848744869232,
        0.4823158085346222,
        1.111465573310852,
        -0.41222333908081055,
        0.46735018491744995,
        0.8473480939865112,
        0.885050892829895,
        -0.2579655051231384,
        0.5388414859771729,
        0.3727424442768097,
        1.2414906024932861,
        0.49485456943511963,
        0.5776305794715881,
        0.24890974164009094,
        0.8155604600906372
      ],
      "std": [
        0.059626255184412,
        0.10617486387491226,
        0.1207694336771965,
        0.140512615442276,
        0.04630569741129875,
        0.13160459697246552,
        0.08601583540439606,
        0.1955563724040985,
        0.1316501796245575,
        0.1314176321029663,
        0.2916339337825775,
        0.0750909075140953,
        0.18315620720386505,
        0.11486238986253738,
        0.30683475732803345,
        0.10218685120344162,
        0.17995324730873108,
        0.2941235601902008,
        0.23458699882030487,
        0.2363397628068924,
        0.18529146909713745,
        0.19903740286827087,
        0.2526894509792328
      ],
      "q01": [
        -0.4533359177529812,
        -0.29727682570815084,
        1.020732356762886,
        -0.40485439338088036,
        -1.0,
        -0.036720634260773655,
        -0.31218448947668076,
        -0.42301981288194657,
        0.0008050787091254952,
        0.005608176543237642,
        0.0007280812263488756,
        -0.6500559780120849,
        0.01922767972946167,
        0.005659034834615887,
        0.0010949690341949536,
        -0.45635186153799295,
        0.019826152516901493,
        0.005099878519773476,
        0.0007786528110504121,
        0.09036140459775924,
        -0.0002209900498390538,
        -0.2953976021289826,
        -0.00026286361217497944
      ],
      "q99": [
        -0.19082267053723334,
        0.13501906648278234,
        1.5169215562582017,
        0.13846557649374014,
        -0.8231999510526657,
        0.48642168222367765,
        0.05844995787739754,
        0.4051038736999035,
        0.5776037968099117,
        0.8417403522000183,
        1.4562578898906708,
        -0.00023792713284487288,
        0.9265396025180817,
        1.0285928078639321,
        1.3655794888019563,
        -0.00003093547970056676,
        1.095557587325573,
        1.3516859611466525,
        1.4823099801540374,
        1.0581625489369033,
        0.8483464908838272,
        0.8459231882572174,
        1.2257186370372772
      ]
    },
    "actions": {
      "mean": [
        -0.2910759150981903,
        -0.09127968549728394,
        1.0710474252700806,
        0.6444984674453735,
        -0.36342713236808777,
        0.05865548551082611,
        0.0552607960999012,
        0.3376033902168274,
        0.4865996241569519,
        1.1251959800720215,
        -0.42000487446784973,
        0.4880564212799072,
        0.8551983833312988,
        0.878585934638977,
        -0.26858770847320557,
        0.5509445071220398,
        0.3753487169742584,
        1.2423096895217896,
        0.8342713117599487,
        0.6357220411300659,
        0.3150055706501007,
        0.8381239771842957
      ],
      "std": [
        0.056692756712436676,
        0.12160945683717728,
        0.09988842904567719,
        2.5026638507843018,
        0.6239504814147949,
        0.46369367837905884,
        0.19891490042209625,
        0.1233973279595375,
        0.1322215348482132,
        0.2759953439235687,
        0.04551193118095398,
        0.1842888593673706,
        0.08031930029392242,
        0.2973906397819519,
        0.0988057553768158,
        0.17603707313537598,
        0.296687513589859,
        0.21280717849731445,
        0.25931331515312195,
        0.11461681127548218,
        0.12853308022022247,
        0.25286945700645447
      ],
      "q01": [
        -0.4409627264499664,
        -0.31719061864614484,
        0.9452640419483186,
        -3.086147336769104,
        -1.3453723837852478,
        -1.0813988468647002,
        -0.42983434635400775,
        -0.000710578414797769,
        0.2780634690999985,
        0.3299173057511449,
        -0.46483885717391965,
        0.2063454792022705,
        0.7111070029735564,
        0.06725055871009827,
        -0.4410343697167933,
        0.18630395889282225,
        0.01911446276027709,
        0.31361833000183104,
        0.36597472119331365,
        0.44001485109329225,
        0.06663148651123046,
        0.21220397899076343
      ],
      "q99": [
        -0.1427953503370285,
        0.1735300592720509,
        1.3535955794334413,
        3.0800190396785734,
        1.1364852165460584,
        1.0225049106597899,
        0.3671126044988632,
        0.5657474983870984,
        0.9494526284933091,
        1.4621284178078175,
        -0.28889081585407256,
        0.9439116050720214,
        1.0130099000930786,
        1.3657924627304077,
        -0.07755416481271388,
        1.1385791015625,
        1.3538210336342453,
        1.480640384912491,
        1.2856103925704956,
        0.829519121646881,
        0.7848220764160156,
        1.239246504636109
      ]
    }
  }
}