{
  "norm_stats": {
    "state": {
      "mean": [
        -0.4420011639595032,
        -0.34812551736831665,
        1.4539873600006104,
        0.03299322351813316,
        -0.9574374556541443,
        -0.13245688378810883,
        -0.07689905911684036,
        -0.4274767339229584,
        0.1506897360086441,
        1.326312780380249,
        0.2113681584596634,
        -0.7800383567810059,
        0.14745239913463593,
        -0.3648662865161896,
        -0.037918705493211746,
        0.4790952503681183,
        0.8046286702156067,
        1.2364517450332642,
        -0.004509978927671909,
        0.1772441864013672,
        0.1528693288564682,
        0.2840665578842163,
        -0.07706228643655777,
        0.2558228373527527,
        0.13430751860141754,
        0.167363703250885,
        1.3664437532424927,
        -0.10129531472921371,
        -0.18513987958431244,
        1.2417995929718018,
        -0.21282263100147247,
        1.2585242986679077,
        0.35877636075019836,
        0.4825751483440399,
        -0.15809845924377441,
        0.860744833946228,
        0.7875566482543945,
        -0.06795776635408401,
        -0.06520503759384155,
        0.7146474719047546,
        0.6692027449607849,
        0.525705099105835,
        0.4719875752925873,
        0.7699063420295715,
        0.3285953402519226,
        0.6430498957633972
      ],
      "std": [
        0.05299721658229828,
        0.1186954453587532,
        0.05866897851228714,
        0.060968488454818726,
        0.06314422190189362,
        0.17842558026313782,
        0.13865981996059418,
        0.1048310399055481,
        0.08814115077257156,
        0.08525228500366211,
        0.15449649095535278,
        0.1833704113960266,
        0.09781477600336075,
        0.3534582853317261,
        0.017056552693247795,
        0.06852994859218597,
        0.11388499289751053,
        0.17614267766475677,
        0.0011633082758635283,
        0.020427273586392403,
        0.020185619592666626,
        0.04008806496858597,
        0.01100350171327591,
        0.03160041943192482,
        0.017563866451382637,
        0.023502379655838013,
        0.14999733865261078,
        0.01827957108616829,
        0.027699876576662064,
        0.1767449975013733,
        0.21948020160198212,
        0.27202874422073364,
        0.3615172207355499,
        0.2793799936771393,
        0.2571731209754944,
        0.3553667962551117,
        0.2861710488796234,
        0.3335905075073242,
        0.2258169800043106,
        0.2050352543592453,
        0.364082396030426,
        0.3537037670612335,
        0.308758020401001,
        0.41608932614326477,
        0.23148849606513977,
        0.35838782787323
      ],
      "q01": [
        -0.5719891227602959,
        -0.5320120901279152,
        1.3336177700996399,
        -0.11948663432896137,
        -1.0,
        -0.5769145503640175,
        -0.4124325147628784,
        -0.6200010341644288,
        -0.006526723556220533,
        1.1866222615242004,
        -0.13863261729478835,
        -1.0,
        -0.02316644260510803,
        -0.8139044387936593,
        -0.1232461942076683,
        0.036223108477890495,
        0.01110760803129524,
        0.0012049255892634392,
        -0.007171126225076295,
        0.03629281190335751,
        0.011700398307293653,
        0.002136798626743257,
        -0.08274504391692608,
        0.036304738590493796,
        0.01169784852648154,
        0.002198058239906095,
        0.3134282742857933,
        -0.10534701707363128,
        -0.19429477279856802,
        -0.000017286225556745194,
        -0.4739026010811329,
        0.035824225954711436,
        -0.17963729159832,
        -0.1060870235055685,
        -0.4641676578581333,
        0.0361680098772049,
        0.011440589216351509,
        -0.28028081579208375,
        -0.5086072870016098,
        0.03596846045851709,
        0.011514198712911457,
        -0.032655794575810436,
        0.22218447065651417,
        -0.00008797086047707126,
        -0.024283872842788712,
        -0.10214710161089896
      ],
      "q99": [
        -0.33382970002889634,
        -0.0827561880417168,
        1.6142246554374695,
        0.28168798080086704,
        -0.7378737917423248,
        0.15835747420787805,
        0.10655714619755752,
        -0.22240657915472983,
        0.3998693869691342,
        1.5174666295051575,
        0.48649880534410483,
        -0.40811019101142876,
        0.3741337074808776,
        0.1561462825536728,
        -0.00004997875690460063,
        0.5032660841867328,
        0.8878808626666665,
        1.351658631183952,
        0.000032465121408314576,
        0.1839837219402194,
        0.15793920749565585,
        0.2921826801192947,
        4.167061243801062e-6,
        0.2648773595605045,
        0.13893213029894977,
        0.17225427308364305,
        1.3967937057733537,
        -0.00014184432029723526,
        -0.00007665198333561829,
        1.2815885946556347,
        0.36291287983059883,
        1.5649066077567637,
        1.042146190738678,
        1.2689486456692218,
        0.4087473204553127,
        1.4261927163000219,
        1.4534510453339666,
        1.16248507270813,
        0.38437326946258554,
        1.0822782940506936,
        1.196180183532089,
        1.2548092258185148,
        1.1623369917482138,
        1.6069214192314905,
        0.8812238743901253,
        1.3087503753602505
      ]
    },
    "actions": {
      "mean": [
        -0.44418975710868835,
        -0.32780584692955017,
        1.4473539590835571,
        -1.4110673666000366,
        -0.21024003624916077,
        -0.10687632113695145,
        -0.03731174021959305,
        0.46836739778518677,
        0.817661702632904,
        1.2602691650390625,
        -0.004663967527449131,
        0.14587444067001343,
        0.1448785662651062,
        0.28777560591697693,
        -0.07928700000047684,
        0.2262479066848755,
        0.12602455914020538,
        0.1686970591545105,
        1.3892467021942139,
        -0.10419369488954544,
        -0.1875472068786621,
        1.2702010869979858,
        -0.435525119304657,
        0.12396062165498734,
        1.30812668800354,
        -1.3108711242675781,
        0.33458054065704346,
        -0.6574509739875793,
        -0.29151731729507446,
        1.2737888097763062,
        0.39369261264801025,
        0.5061740279197693,
        -0.2766588628292084,
        1.0234894752502441,
        0.8596464991569519,
        -0.07201298326253891,
        -0.23168796300888062,
        1.0588836669921875,
        0.8875741362571716,
        0.5538036823272705,
        0.7710469961166382,
        0.5364139676094055,
        0.9045549631118774,
        0.9140776991844177
      ],