{
  "norm_stats": {
    "state": {
      "mean": [
        -0.35539424419403076,
        -0.24287036061286926,
        1.4218484163284302,
        0.18421225249767303,
        -0.9156955480575562,
        -0.09041346609592438,
        -0.051993630826473236,
        -0.3924001455307007,
        0.22990041971206665,
        1.3242181539535522,
        -0.0926872044801712,
        -0.9356755018234253,
        0.25269821286201477,
        -0.11584325134754181,
        -0.03498550131917,
        0.8347994089126587,
        1.0227417945861816,
        0.6667219400405884,
        -0.0471661314368248,
        0.9436953663825989,
        1.092904806137085,
        0.4324251413345337,
        0.05456244945526123,
        1.0167938470840454,
        1.0184544324874878,
        0.4887680113315582,
        0.6049611568450928,
        0.638072669506073,
        0.31309249997138977,
        1.0051862001419067,
        -0.24715133011341095,
        1.2283495664596558,
        0.8090567588806152,
        0.6065945029258728,
        -0.26240941882133484,
        1.1342687606811523,
        0.9542308449745178,
        0.09471186995506287,
        -0.08724354207515717,
        0.6355345249176025,
        1.001751184463501,
        0.685391902923584,
        0.36159515380859375,
        0.6037743091583252,
        0.02681652270257473,
        0.5902944207191467
      ],
      "std": [
        0.12566716969013214,
        0.12430134415626526,
        0.15702247619628906,
        0.17761409282684326,
        0.10801973938941956,
        0.18559277057647705,
        0.19756080210208893,
        0.07077594101428986,
        0.08286093175411224,
        0.1156536191701889,
        0.11403211951255798,
        0.04547835886478424,
        0.10307683050632477,
        0.11378971487283707,
        0.193889781832695,
        0.45752909779548645,
        0.3873792588710785,
        0.628629207611084,
        0.2355153113603592,
        0.5102606415748596,
        0.22168345749378204,
        0.5937113761901855,
        0.18845397233963013,
        0.4616805613040924,
        0.4997861981391907,
        0.6277022361755371,
        0.12038732320070267,
        0.13578324019908905,
        0.16075867414474487,
        0.2198491394519806,
        0.15788449347019196,
        0.3670836091041565,
        0.40661129355430603,
        0.31149792671203613,
        0.13849540054798126,
        0.5092214941978455,
        0.3052787780761719,
        0.5689820647239685,
        0.1418779045343399,
        0.2664591670036316,
        0.23319967091083527,
        0.37195146083831787,
        0.20036260783672333,
        0.22024570405483246,
        0.13214810192584991,
        0.3265314996242523
      ],
      "q01": [
        -0.533188414375484,
        -0.4849291235156357,
        1.0480012788772584,
        -0.02493161049485207,
        -1.0,
        -0.4086386188030243,
        -0.5052344456791877,
        -0.5186107818424701,
        0.08382780678644777,
        1.0805797020912171,
        -0.4030605702996254,
        -1.0,
        -0.000025888435542582855,
        -0.35546765583753587,
        -0.4606337152481079,
        0.05104991431385278,
        0.2584046552143991,
        -0.15488278495073318,
        -0.3830172946572304,
        0.13748034217851238,
        0.4355342130866367,
        -0.18133694069981576,
        -0.3321163827002048,
        0.14767757298424838,
        0.035379094899445775,
        -0.09815671151280403,
        0.3524968185424805,
        0.23480284103211013,
        -0.0002757256329059543,
        0.06591072603762149,
        -0.4352052906036377,
        0.21500683270730078,
        -0.16572023523449897,
        0.03347425017952921,
        -0.4533910052895546,
        0.10450752324908971,
        0.37355179338050076,
        -0.2523026521682739,
        -0.4774219509541989,
        -0.1336320306301117,
        0.13422535220137796,
        0.014211279404535891,
        0.2320447016775608,
        0.15017264285683632,
        -0.22986848011612893,
        -0.1525748836517334
      ],
      "q99": [
        -0.061825072894245436,
        -0.05366604773048311,
        1.6568959493637085,
        0.6438258492201566,
        -0.5528963651657104,
        0.1704137088060379,
        0.273020566880703,
        -0.21227834176421162,
        0.40632839075922966,
        1.5414483958244323,
        0.1181041655510664,
        -0.8006145457744598,
        0.44319011835195127,
        0.08874163228571419,
        0.4600420206069946,
        1.5234102784529329,
        1.6893641137331725,
        1.4401460828751327,
        0.28542559555768965,
        1.5729848175710999,
        1.4074685088668484,
        1.4081551492393016,
        0.27066701441407215,
        1.5445801274012774,
        1.5978242319915446,
        1.476194638980925,
        1.1041566359996795,
        0.8627568547417409,
        0.9506423681795597,
        1.2966729772508145,
        0.21340548186302188,
        1.5247378914818166,
        1.4329395405709744,
        1.2585748677551747,
        0.16637844104766852,
        1.640492484752834,
        1.5866294276422588,
        1.459527949333191,
        0.25482689103484146,
        1.037979966878891,
        1.284913861685805,
        1.3813152193721383,
        0.9969313211649657,
        0.9990256013944745,
        0.4766215117573738,
        0.9779031200289725
      ]
    },
    "actions": {
      "mean": [
        -0.35359302163124084,
        -0.23240485787391663,
        1.4198461771011353,
        -2.2221193313598633,
        -0.2925381362438202,
        -0.18574100732803345,
        0.1555396467447281,
        0.9045390486717224,
        1.0437312126159668,
        0.6883858442306519,
        -0.0074432604014873505,
        0.9225229024887085,
        1.0959367752075195,
        0.4442180097103119,
        0.07296077162027359,
        1.0035885572433472,
        1.0238503217697144,
        0.5031856894493103,
        0.8303856253623962,
        0.665475606918335,
        0.49722886085510254,
        1.0803301334381104,
        -0.3901141881942749,
        0.217378169298172,
        1.3166067600250244,
        1.5812625885009766,
        -0.4988018274307251,
        0.3177811801433563,
        -0.25910547375679016,
        1.252517580986023,
        0.8426006436347961,
        0.6035951375961304,
        -0.3691163659095764,
        1.1482247114181519,
        0.95277339220047,
        0.05779107287526131,
        -0.3925982117652893,
        1.0022354125976562,
        1.2175331115722656,
        0.7238442301750183,
        0.5785635113716125,
        0.5403631329536438,
        0.658338189125061,
        0.9276536703109741
      ],
      "std": [
        0.1353732794523239,
        0.12481152266263962,
        0.17344778776168823,
        1.3772873878479004,
        0.5262500643730164,
        0.557155966758728,
        0.3162405788898468,
        0.5405468344688416,
        0.38775143027305603,
        0.6337395906448364,
        0.27668994665145874,
        0.5064123272895813,
        0.2007426917552948,
        0.6101073026657104,
        0.20029377937316895,
        0.46151915192604065,
        0.5039821863174438,
        0.6446033120155334,
        0.3233978748321533,
        0.10379163920879364,
        0.2239704132080078,
        0.22698566317558289,
        0.07704609632492065,
        0.07479292154312134,
        0.12296595424413681,
        2.206402540206909,
        0.6722933650016785,
        0.39503106474876404,
        0.1654859036207199,
        0.3498779535293579,
        0.39479154348373413,
        0.3083605170249939,
        0.17342187464237213,
        0.46372824907302856,
        0.3077608346939087,
        0.5636294484138489,
        0.12347850948572159,
        0.3825283944606781,
        0.2758912146091461,
        0.3526078760623932,
        0.15015611052513123,
        0.15416353940963745,
        0.3990616798400879,
        0.4582466781139374
      ],