{
  "norm_stats": {
    "state": {
      "mean": [
        -0.38553470373153687,
        -0.2799161374568939,
        1.18350350856781,
        0.21422111988067627,
        -0.9176005125045776,
        -0.21262624859809875,
        -0.024382349103689194,
        -0.5174207091331482,
        0.29363566637039185,
        1.1420750617980957,
        -0.6125767230987549,
        -0.6466707587242126,
        0.2927195429801941,
        0.13119961321353912,
        -0.28142037987709045,
        0.34580621123313904,
        0.690904974937439,
        1.0992639064788818,
        -0.14737491309642792,
        0.7940521836280823,
        0.8902585506439209,
        0.8011316657066345,
        0.02526191808283329,
        0.8309836983680725,
        0.9228693246841431,
        0.617775559425354,
        0.9038762450218201,
        0.316884309053421,
        0.5646514296531677,
        0.7763477563858032,
        -0.08885323256254196,
        0.3722743093967438,
        1.3693585395812988,
        1.1743626594543457,
        0.1295081079006195,
        0.4095536172389984,
        1.3018934726715088,
        1.0945329666137695,
        0.3068241477012634,
        0.26670965552330017,
        1.2822617292404175,
        1.202015995979309,
        0.7067649364471436,
        0.3714107573032379,
        1.2680385112762451,
        1.3855265378952026
      ],
      "std": [
        0.08954162895679474,
        0.20841725170612335,
        0.10078129917383194,
        0.1543663740158081,
        0.0788763165473938,
        0.1601550579071045,
        0.10302744060754776,
        0.10592398047447205,
        0.15568308532238007,
        0.10777031630277634,
        0.1849542111158371,
        0.15856929123401642,
        0.1576441526412964,
        0.13951513171195984,
        0.09285106509923935,
        0.2148207277059555,
        0.389894962310791,
        0.3335307538509369,
        0.19405503571033478,
        0.3815988302230835,
        0.6133764386177063,
        0.4764803349971771,
        0.23334182798862457,
        0.5066041946411133,
        0.5641137361526489,
        0.47759193181991577,
        0.2511148750782013,
        0.2762574553489685,
        0.38111451268196106,
        0.2932555675506592,
        0.25885066390037537,
        0.4833632707595825,
        0.42845532298088074,
        0.41922804713249207,
        0.23866203427314758,
        0.4212990403175354,
        0.305147647857666,
        0.4906449019908905,
        0.19374887645244598,
        0.32888585329055786,
        0.33779534697532654,
        0.2873961329460144,
        0.19185833632946014,
        0.15553712844848633,
        0.24307040870189667,
        0.18673869967460632
      ],
      "q01": [
        -0.5917422750651836,
        -0.598762077987194,
        1.036906159901619,
        -0.016034689116477957,
        -1.0,
        -0.5594126621246338,
        -0.32158680610656737,
        -0.7689574836730957,
        0.04066980617493391,
        0.999731218957901,
        -0.85425201762598,
        -1.0,
        -0.12015074958801275,
        -0.23316296989917756,
        -0.4896662706375122,
        -0.018310579633712742,
        0.21519167386442423,
        0.05098002361655235,
        -0.4366559737920761,
        0.13767942506074904,
        0.08742127542246599,
        -0.2219568260550499,
        -0.38928190933465956,
        0.03529496755599976,
        0.14011192283630372,
        -0.22137603015899657,
        0.26287488957438615,
        -0.052164642333984323,
        -0.17392939790487288,
        0.12660087492763997,
        -0.9281120885372162,
        -0.9947256768226624,
        -0.020800513458251957,
        -0.18008900890946386,
        -0.528412652349472,
        -0.5906694409370422,
        0.43450644707679753,
        -0.10612754826545717,
        -0.36497170801162726,
        -0.5245036809921265,
        0.17494352407455444,
        0.3321154975891113,
        0.29840098156631,
        0.04789788215160373,
        0.25655336486548186,
        0.47464955846826923
      ],
      "q99": [
        -0.16813276966214186,
        0.15128092274069793,
        1.5167601583003998,
        0.5915751707553863,
        -0.6519279011189938,
        0.3524523655176164,
        0.2398748158097267,
        -0.3591002532958984,
        0.6748326432183385,
        1.5166789426803589,
        -0.0004674949977546694,
        -0.2972119252264499,
        0.5818262077331542,
        0.44616118648052216,
        0.008713754594326106,
        0.9777428465366362,
        1.4804292796559633,
        1.5164682552605868,
        0.25086238491535195,
        1.5428088803887365,
        1.6538371959252631,
        1.422518752360344,
        0.405815831387043,
        1.5662463836431504,
        1.6492752043724062,
        1.3924172298431399,
        1.3241185393730177,
        0.8831889953613281,
        1.1291826929092408,
        1.3156402971982957,
        0.5846166707277298,
        1.2712618779182434,
        2.1901186393737793,
        1.8701191946208477,
        0.647887306213379,
        1.2422833357334135,
        2.082508743953705,
        1.8918747725725171,
        0.7642812558174132,
        1.0021128801345824,
        1.9038546642303467,
        1.6330468611717224,
        1.2443631711661816,
        0.7216649594664575,
        1.6054374623686074,
        1.5318868489807778
      ]
    },
    "actions": {
      "mean": [
        -0.37002936005592346,
        -0.2776205539703369,
        1.155800700187683,
        -2.4262335300445557,
        -0.6546452641487122,
        -0.05050482600927353,
        -0.2824123203754425,
        0.36215609312057495,
        0.7386118769645691,
        1.1454018354415894,
        -0.09541726857423782,
        0.8750541806221008,
        0.9681787490844727,
        0.8255765438079834,
        0.09897714853286743,
        0.8633558750152588,
        0.9399718046188354,
        0.624090313911438,
        1.026983618736267,
        0.32754406332969666,
        0.7109097838401794,
        0.819258451461792,
        -0.5230683088302612,
        0.2826807200908661,
        1.1160435676574707,
        1.3303488492965698,
        -0.8823098540306091,
        -0.45730629563331604,
        -0.13316474854946136,
        0.5693656802177429,
        1.4696245193481445,
        1.203729271888733,
        0.09769919514656067,
        0.6802340745925903,
        1.3988714218139648,
        1.134695053100586,
        0.339908242225647,
        0.4530937969684601,
        1.4222526550292969,
        1.2625592947006226,
        0.7080367207527161,
        0.34429630637168884,
        1.3200078010559082,
        1.424821376800537
      ],
      "std": [
        0.12005284428596497,
        0.21215538680553436,
        0.09000614285469055,
        0.798998236656189,
        0.3148912489414215,
        0.2694442570209503,
        0.08516594022512436,
        0.29277247190475464,
        0.4674795866012573,
        0.3090158700942993,
        0.25144660472869873,
        0.4472993314266205,
        0.6557801961898804,
        0.4688214063644409,
        0.29048284888267517,
        0.5322222113609314,
        0.5784706473350525,
        0.48209133744239807,
        0.20744454860687256,
        0.27002137899398804,
        0.4142385721206665,
        0.28653767704963684,
        0.14084354043006897,
        0.17930833995342255,
        0.09415159374475479,
        0.4090801775455475,
        0.2934871017932892,
        0.4008882939815521,
        0.16679804027080536,
        0.42854762077331543,
        0.31815335154533386,
        0.36879751086235046,
        0.20483912527561188,
        0.46516546607017517,
        0.18332213163375854,
        0.4362514913082123,
        0.09680202603340149,
        0.34200429916381836,
        0.23382656276226044,
        0.24385163187980652,
        0.14371776580810547,
        0.12865591049194336,
        0.16853909194469452,
        0.10887358337640762
      ],