{
  "norm_stats": {
    "state": {
      "mean": [
        -0.3628826439380646,
        -0.25209707021713257,
        1.3295249938964844,
        0.06700834631919861,
        -0.9834859371185303,
        0.09816403687000275,
        0.0653921440243721,
        -0.3317519724369049,
        0.40825021266937256,
        0.7760697603225708,
        1.2663357257843018,
        -0.3069353401660919,
        0.6577138304710388,
        1.0564967393875122,
        1.1771876811981201,
        -0.11079902946949005,
        0.6185325384140015,
        1.3347697257995605,
        0.9610356092453003,
        0.6039480566978455,
        0.7140712141990662,
        0.22332800924777985,
        0.9248324632644653
      ],
      "std": [
        0.03987104818224907,
        0.071200430393219,
        0.11669513583183289,
        0.08082776516675949,
        0.013971585780382156,
        0.049182549118995667,
        0.07215050607919693,
        0.19792146980762482,
        0.19510318338871002,
        0.15877139568328857,
        0.17145730555057526,
        0.08594708144664764,
        0.3834657073020935,
        0.18769127130508423,
        0.22668926417827606,
        0.12361860275268555,
        0.3714818060398102,
        0.4518587291240692,
        0.4203657805919647,
        0.1884385347366333,
        0.15831893682479858,
        0.19202201068401337,
        0.2461688220500946
      ],
      "q01": [
        -0.46101229739785193,
        -0.3550794550796039,
        1.0438422235012055,
        -0.08365445716381073,
        -1.0,
        -0.020094923165440558,
        -0.10591698121428489,
        -0.5832157083272934,
        -0.18357920069694522,
        0.3782406247306615,
        0.7811909701094032,
        -0.4670133779525757,
        -0.26022943054437636,
        0.5536223434764892,
        0.5213804158529267,
        -0.3828495404481888,
        -0.2822148236989975,
        0.08255495749115943,
        0.12826107278070412,
        0.2920278320729732,
        0.22730679213503172,
        -0.08286227813959124,
        0.17471258247494695
      ],
      "q99": [
        -0.23051642080247403,
        -0.00012015823377292678,
        1.5203135003566741,
        0.32047462602853777,
        -0.932663335442543,
        0.19102690340280534,
        0.21556491368412972,
        0.17954878661632534,
        0.7471995802283287,
        1.1543381109144537,
        1.67566996902721,
        -0.06401745395660396,
        1.2454746665120124,
        1.3778378238795324,
        1.5854875695319381,
        0.1409394222974777,
        1.2676570177316666,
        1.6686121436148882,
        1.7236328861408865,
        1.0669265648543833,
        0.9663022313359193,
        0.9886264865040779,
        1.2495437359452246
      ]
    },
    "actions": {
      "mean": [
        -0.357512891292572,
        -0.26624616980552673,
        1.321844458580017,
        -1.9914385080337524,
        0.20522789657115936,
        0.1688341498374939,
        -0.317852258682251,
        0.5057862997055054,
        0.847480297088623,
        1.2798298597335815,
        -0.32461532950401306,
        0.7360719442367554,
        1.092397928237915,
        1.1699522733688354,
        -0.07081043720245361,
        0.6792155504226685,
        1.3791840076446533,
        0.9206435084342957,
        0.6808180809020996,
        0.6842468976974487,
        0.3558552861213684,
        0.9975114464759827
      ],
      "std": [
        0.04045318812131882,
        0.06103289872407913,
        0.1332569569349289,
        2.136355400085449,
        0.28631338477134705,
        0.3038460910320282,
        0.1583343893289566,
        0.17962870001792908,
        0.16839227080345154,
        0.11994785815477371,
        0.07963163405656815,
        0.3631063997745514,
        0.17387166619300842,
        0.20955629646778107,
        0.16064772009849548,
        0.3413463234901428,
        0.4251718521118164,
        0.4080791473388672,
        0.2525874078273773,
        0.1096126139163971,
        0.21725577116012573,
        0.26011988520622253
      ],
      "q01": [
        -0.46424018985033033,
        -0.40181803804934024,
        0.9726365962028504,
        -3.1073898900985717,
        -0.5543851735949517,
        -0.5290170088768005,
        -0.4599265383720398,
        0.15366006975173951,
        0.46298457157611844,
        0.9648685488700868,
        -0.43409109830856324,
        0.13702862155437467,
        0.7279724521636963,
        0.5698436624944211,
        -0.37822689740657806,
        0.07639880294799804,
        0.13128078532218934,
        0.14030048283934596,
        0.3245516979217529,
        0.39549826593399046,
        0.09352001309394836,
        0.25079976553916933
      ],
      "q99": [
        -0.22664393540620803,
        -0.1064176088169217,
        1.532610869550705,
        3.1202308458328245,
        0.6709852807164194,
        0.9313495361685753,
        0.1655827187538147,
        0.8235558583617211,
        1.3059859105348586,
        1.4458364577293397,
        -0.02696510815620423,
        1.3038909040689468,
        1.4239866371154786,
        1.483277862980962,
        0.2830298472642898,
        1.278921477508545,
        1.673325086760521,
        1.505096839915216,
        1.2062635746002197,
        0.851745353937149,
        0.9320258224010467,
        1.3375987495422363
      ]
    }
  }
}