{
  "norm_stats": {
    "state": {
      "mean": [
        -0.2969721555709839,
        -0.3686572313308716,
        1.268462896347046,
        0.28866052627563477,
        -0.9084938168525696,
        -0.23239488899707794,
        -0.0292960237711668,
        -0.37068966031074524,
        0.2535565197467804,
        1.2622897624969482,
        -0.12113138288259506,
        -0.9594755172729492,
        0.06950373947620392,
        -0.13659211993217468,
        -0.31585997343063354,
        0.34678253531455994,
        0.7254316210746765,
        1.2280828952789307,
        -0.29775941371917725,
        0.5669006705284119,
        0.8866852521896362,
        1.0532609224319458,
        -0.17168308794498444,
        0.5262810587882996,
        0.9663100242614746,
        0.9602222442626953,
        1.0556039810180664,
        0.29082557559013367,
        0.22330643236637115,
        0.9310687780380249,
        0.05164527893066406,
        0.7534091472625732,
        0.9346432089805603,
        0.7057113647460938,
        -0.03195802494883537,
        0.6571654677391052,
        0.9044172763824463,
        0.6349954009056091,
        0.036605462431907654,
        0.6300281882286072,
        0.9323714971542358,
        0.9070626497268677,
        0.3573378920555115,
        0.13927511870861053,
        0.4861528277397156,
        1.0465470552444458
      ],
      "std": [
        0.10265666991472244,
        0.18503914773464203,
        0.10124921053647995,
        0.11587440222501755,
        0.04450998827815056,
        0.10388285666704178,
        0.10123653709888458,
        0.1378624588251114,
        0.2043643444776535,
        0.1369091272354126,
        0.07534237205982208,
        0.04070637747645378,
        0.1223343089222908,
        0.1376451551914215,
        0.12079735100269318,
        0.22689557075500488,
        0.3642822802066803,
        0.3183518946170807,
        0.15178243815898895,
        0.3709023594856262,
        0.4889802634716034,
        0.4676484167575836,
        0.2055778205394745,
        0.49439072608947754,
        0.47817033529281616,
        0.5371947288513184,
        0.26325899362564087,
        0.21626166999340057,
        0.26263120770454407,
        0.30048832297325134,
        0.2255944460630417,
        0.5649944543838501,
        0.5239225029945374,
        0.7188911437988281,
        0.2655843198299408,
        0.4907175898551941,
        0.6881081461906433,
        0.6836850643157959,
        0.23017048835754395,
        0.4039952754974365,
        0.4539627432823181,
        0.3997915983200073,
        0.11122635006904602,
        0.18951721489429474,
        0.3015671372413635,
        0.32764291763305664
      ],
      "q01": [
        -0.6688384296476841,
        -0.8047445853069425,
        1.0570568182468414,
        -0.0032090017080307065,
        -1.0,
        -0.4139912575483322,
        -0.24196741223335266,
        -0.6812298887550831,
        -0.12595324434041977,
        1.015199387049675,
        -0.30537182950973507,
        -1.0,
        -0.17653403717279434,
        -0.43637992296218875,
        -0.5303912382483482,
        0.053926399624347754,
        0.32556822588443757,
        -0.06386891623437405,
        -0.45801449847221376,
        0.15004620752334594,
        0.08307931602001191,
        -0.18563725423812866,
        -0.45191402149200444,
        0.056619747537374476,
        0.11212393307685851,
        -0.20663343181610108,
        0.412195650100708,
        -0.03513139998912812,
        -0.1863919677734375,
        -0.00041276777386665964,
        -0.44040358886718756,
        0.07906183409690859,
        -0.16837549466490748,
        -0.3213518275797367,
        -0.5608227747678757,
        0.04656862884759899,
        -0.012761895954608915,
        -0.3585637067317963,
        -0.5121308973312377,
        0.10573860819339753,
        0.15021951332241296,
        -0.049848158064484616,
        0.21960401750206948,
        -0.22780781943798067,
        -0.03498411589860917,
        0.12662645629644392
      ],
      "q99": [
        -0.14851550310254102,
        -0.07000865564644332,
        1.516031065106392,
        0.4983486474722624,
        -0.7993502006411553,
        0.09759501203894616,
        0.23945979475975032,
        -0.18012359212338924,
        0.5755307948827744,
        1.5168244862675666,
        0.028410556536912934,
        -0.8427603870391845,
        0.39429188236594204,
        0.10089188222885126,
        0.18074685719013217,
        1.0080673105597497,
        1.550841066813469,
        1.5152480363875627,
        0.1952296664237977,
        1.4801855607032777,
        1.6564169407367708,
        1.471459495341778,
        0.29803887033462517,
        1.5766524269163609,
        1.5952004987239838,
        1.433237403821945,
        1.3437599382400514,
        0.8581362506747245,
        0.8559318338394166,
        1.31278310816586,
        0.384221866416931,
        1.6080557539463043,
        2.05855570063591,
        1.4864629530727864,
        0.27299346387386314,
        1.5307789607197047,
        1.8659008298277855,
        1.506511822104454,
        0.3477007793426514,
        1.4453586346149443,
        1.8262003184974194,
        1.4622736624866723,
        0.8065502312079073,
        0.692901103055477,
        1.1299815774977209,
        1.6054202187061308
      ]
    },
    "actions": {
      "mean": [
        -0.2946019470691681,
        -0.3741314113140106,
        1.259226679801941,
        -2.34210467338562,
        -0.6344364881515503,
        -0.07172241806983948,
        -0.3093523383140564,
        0.3934165835380554,
        0.780750572681427,
        1.2590913772583008,
        -0.23919622600078583,
        0.6001850366592407,
        0.9259276390075684,
        1.083031415939331,
        -0.12300407141447067,
        0.5294328927993774,
        0.9821599721908569,
        0.9823575019836426,
        1.1344451904296875,
        0.2806338667869568,
        0.31380796432495117,
        0.9639707803726196,
        -0.3708047866821289,
        0.24083034694194794,
        1.2509121894836426,
        2.5041234493255615,
        -0.2038813978433609,
        0.3736792206764221,
        0.05065431818366051,
        0.8009692430496216,
        0.9296427965164185,
        0.7074591517448425,
        -0.04880381375551224,
        0.6819164752960205,
        0.9196009039878845,
        0.6530003547668457,
        -0.01434612087905407,
        0.6876950263977051,
        0.9710556864738464,
        0.9219797253608704,
        0.35395753383636475,
        0.13804997503757477,
        0.6338964104652405,
        1.113702654838562
      ],
      "std": [
        0.1044699028134346,
        0.19397033751010895,
        0.10224451124668121,
        0.5306114554405212,
        0.2833573520183563,
        0.3037147521972656,
        0.12949681282043457,
        0.3692312240600586,
        0.45182541012763977,
        0.28403806686401367,
        0.24680013954639435,
        0.4661708176136017,
        0.5274523496627808,
        0.4417824149131775,
        0.28027623891830444,
        0.5412864685058594,
        0.4899473488330841,
        0.5263655185699463,
        0.1649530827999115,
        0.20698486268520355,
        0.32888710498809814,
        0.28845512866973877,
        0.14128471910953522,
        0.21034784615039825,
        0.14185725152492523,
        1.2231918573379517,
        0.3955378532409668,
        0.42605799436569214,
        0.22231081128120422,
        0.5932500958442688,
        0.4919595420360565,
        0.7256633639335632,
        0.28044772148132324,
        0.5266692638397217,
        0.704784631729126,
        0.68488609790802,
        0.2825694978237152,
        0.48004990816116333,
        0.48145756125450134,
        0.39241987466812134,
        0.1100575402379036,
        0.1673724204301834,
        0.3164835572242737,
        0.38079723715782166
      ],