{
  "norm_stats": {
    "state": {
      "mean": [
        -0.3167366683483124,
        -0.2067386507987976,
        1.2720026969909668,
        0.15529018640518188,
        -0.9150967597961426,
        0.24215231835842133,
        0.02805519290268421,
        0.15739116072654724,
        0.8586673140525818,
        0.8746185898780823,
        0.4738517701625824,
        0.1463794857263565,
        0.9141465425491333,
        1.0688239336013794,
        0.25208115577697754,
        0.14468243718147278,
        0.9736661911010742,
        1.0043022632598877,
        0.3525560200214386,
        0.8100574016571045,
        0.5783494710922241,
        0.5152797698974609,
        0.9820064306259155
      ],
      "std": [
        0.10207308083772659,
        0.15653301775455475,
        0.13123098015785217,
        0.1688389629125595,
        0.07949655503034592,
        0.10235455632209778,
        0.18372589349746704,
        0.26332589983940125,
        0.40203067660331726,
        0.20923863351345062,
        0.5990932583808899,
        0.2871517837047577,
        0.40502965450286865,
        0.12333185970783234,
        0.632215142250061,
        0.21568447351455688,
        0.4741726219654083,
        0.26843857765197754,
        0.6518927812576294,
        0.29472121596336365,
        0.16045425832271576,
        0.2070988267660141,
        0.1503884494304657
      ],
      "q01": [
        -0.5020278104245662,
        -0.518071316576004,
        1.0536148307800293,
        -0.1679044861137867,
        -1.0,
        -0.001581278443336498,
        -0.444003009223938,
        -0.40735905005931855,
        0.07264785608053209,
        0.38434690227508544,
        -0.06710781975984573,
        -0.36768827872276305,
        0.10764161112904552,
        0.5864630219936371,
        -0.2292643596172333,
        -0.25275001707077027,
        0.10768053081631662,
        0.16470426350343043,
        -0.2260669382095337,
        0.24627645578980445,
        0.15127355822920796,
        0.05089857063293457,
        0.48047669304318086
      ],
      "q99": [
        -0.13578431241810324,
        0.007935159459710128,
        1.5169339374542237,
        0.6400050014138222,
        -0.6345155086398124,
        0.4678703498840332,
        0.4098886351585388,
        0.5230851856231689,
        1.3548203235685827,
        1.4084804397583008,
        1.4298040146112443,
        0.5871888102650642,
        1.4073477159291508,
        1.2729131821632385,
        1.3473161108970642,
        0.701745855855942,
        1.693916133826971,
        1.527366477597179,
        1.4339121652364732,
        1.4002794744968414,
        1.0893101307868958,
        1.1267773784637451,
        1.2802473489874122
      ]
    },
    "actions": {
      "mean": [
        -0.2713177800178528,
        -0.2023589313030243,
        1.1541954278945923,
        -1.3438431024551392,
        0.47635751962661743,
        0.2726520597934723,
        0.2755346894264221,
        1.1269587278366089,
        0.9706873893737793,
        0.41374316811561584,
        0.2173101007938385,
        1.0420178174972534,
        1.1225579977035522,
        0.18154627084732056,
        0.1732785403728485,
        1.1515828371047974,
        1.1049468517303467,
        0.2811127305030823,
        0.9866920113563538,
        0.5776791572570801,
        0.7475401163101196,
        1.0361286401748657
      ],
      "std": [
        0.11804268509149551,
        0.18107445538043976,
        0.22934046387672424,
        2.045121192932129,
        0.7324066758155823,
        0.7039821743965149,
        0.316466361284256,
        0.4671829640865326,
        0.241558238863945,
        0.5687634348869324,
        0.2917688190937042,
        0.4049151539802551,
        0.08800854533910751,
        0.6009746789932251,
        0.18280215561389923,
        0.4896496832370758,
        0.2166004776954651,
        0.6159848570823669,
        0.31497177481651306,
        0.09731952100992203,
        0.16887156665325165,
        0.07851161807775497
      ],
      "q01": [
        -0.5352792478676885,
        -0.5566217322528362,
        0.7666490641713142,
        -2.9932041089057924,
        -1.4059447870254516,
        -1.4210271656036377,
        -0.4106956572651863,
        0.16618154983520506,
        0.5498406396389008,
        -0.02965633401274681,
        -0.37010286337733267,
        0.1494346604347229,
        0.9137867566108704,
        -0.208860844373703,
        -0.24364150500297543,
        0.1847956466674805,
        0.23161100306510926,
        -0.10501061093807221,
        0.3421838020801544,
        0.285905063867569,
        0.2869027898311615,
        0.7404564121246338
      ],
      "q99": [
        -0.06901507117245353,
        0.05478071994781497,
        1.5845856259822846,
        2.9807459575653077,
        1.5193967123031618,
        1.5956494178771976,
        0.46842495434284215,
        1.5127408727645872,
        1.5699789692401886,
        1.4297288012370468,
        0.42593578532934195,
        1.421094319820404,
        1.2974522042274474,
        1.3458318912744522,
        0.3524717320203782,
        1.472146089076996,
        1.554035117340088,
        1.4308223016798496,
        1.278826017665863,
        0.7503562710285188,
        1.1130356949090958,
        1.2193096800804137
      ]
    }
  }
}