{
  "norm_stats": {
    "state": {
      "mean": [
        -0.3322194218635559,
        -0.14076438546180725,
        1.1558723449707031,
        0.13943612575531006,
        -0.9633231163024902,
        -0.10382198542356491,
        0.038069549947977066,
        -0.22661398351192474,
        0.360725998878479,
        0.8066903948783875,
        1.1220451593399048,
        -0.17057844996452332,
        0.6948639154434204,
        0.9166252017021179,
        0.9068790078163147,
        -0.0038983142003417015,
        0.7218123078346252,
        0.9047396183013916,
        0.782974898815155,
        1.0571963787078857,
        0.3648555278778076,
        0.12074531614780426,
        0.8080896139144897
      ],
      "std": [
        0.10329774022102356,
        0.17488731443881989,
        0.1062418520450592,
        0.08666705340147018,
        0.0368676595389843,
        0.15061204135417938,
        0.0937194973230362,
        0.1334904134273529,
        0.2312917709350586,
        0.46835699677467346,
        0.3359209895133972,
        0.20196399092674255,
        0.38515931367874146,
        0.5975353717803955,
        0.47421184182167053,
        0.24415802955627441,
        0.45904481410980225,
        0.6110101938247681,
        0.5134860873222351,
        0.2313845306634903,
        0.31104111671447754,
        0.26839014887809753,
        0.3537712097167969
      ],
      "q01": [
        -0.5282620567448437,
        -0.3698727042615414,
        1.0375840399503709,
        -0.050021584895253185,
        -1.0,
        -0.4280487308502197,
        -0.154214116191864,
        -0.44157878470420836,
        -0.02541154712438584,
        0.2603650626004674,
        0.12543075635433198,
        -0.4267315086364746,
        0.09505161490440367,
        0.07610341424699872,
        -0.17569641609191894,
        -0.4018149716854096,
        -0.009115423464775119,
        0.006650765764713296,
        -0.2122168979346752,
        0.3671708187311888,
        -0.059039677107334126,
        -0.2633255003929138,
        -0.0491478778064251
      ],
      "q99": [
        -0.11936964040026066,
        0.2526394236862659,
        1.5166055320262908,
        0.3280944075733423,
        -0.8429253425955773,
        0.15569831969738002,
        0.32888064670562744,
        0.19286587929725652,
        1.0804337069392205,
        1.65772061428288,
        1.506559803825617,
        0.3065488359451294,
        1.5031812699317932,
        1.701969025351666,
        1.5115841062545776,
        0.4333751595020292,
        1.5422346653759478,
        1.6768765321552754,
        1.4864350573420526,
        1.360107139724493,
        0.9743674414098262,
        0.8449691589951516,
        1.384282666632533
      ]
    },
    "actions": {
      "mean": [
        -0.3265236020088196,
        -0.13457699120044708,
        1.1353412866592407,
        -2.4351861476898193,
        -0.30826273560523987,
        0.11261466145515442,
        -0.23424947261810303,
        0.38317400217056274,
        0.8361590504646301,
        1.1506296396255493,
        -0.15311717987060547,
        0.7243449091911316,
        0.9386600255966187,
        0.9401317238807678,
        0.004852510057389736,
        0.724863588809967,
        0.9035853147506714,
        0.8036888837814331,
        1.1477428674697876,
        0.35828447341918945,
        0.2006148099899292,
        0.841305136680603
      ],
      "std": [
        0.10950063914060593,
        0.19453023374080658,
        0.09535496681928635,
        1.2543771266937256,
        0.4922020733356476,
        0.35891687870025635,
        0.1445562094449997,
        0.2854505479335785,
        0.49826955795288086,
        0.31832584738731384,
        0.2440253645181656,
        0.4284490644931793,
        0.6201984882354736,
        0.45920929312705994,
        0.2637753188610077,
        0.4710484445095062,
        0.6295627951622009,
        0.5057505369186401,
        0.21787002682685852,
        0.30076923966407776,
        0.3254845440387726,
        0.3492474853992462
      ],
      "q01": [
        -0.5560831019401551,
        -0.39918361068964003,
        0.9732547752141953,
        -3.090062816762924,
        -1.2926090550422669,
        -0.6936896922111513,
        -0.43884527797698974,
        -0.03253108816146852,
        0.3263242678642273,
        0.29181643027067183,
        -0.43135313510894774,
        0.13435168914943932,
        0.07395429625511168,
        -0.1644348427772522,
        -0.40470833201408385,
        0.021808210170269016,
        0.003128344726562496,
        -0.20304041175842286,
        0.3930871003627777,
        -0.0582213411450386,
        -0.18369160668849946,
        -0.016010312378406527
      ],
      "q99": [
        -0.09819161372184759,
        0.3140572819590569,
        1.4237720033168793,
        3.0674512451648717,
        0.7355502939224241,
        1.143636844539642,
        0.2738849801659584,
        1.2588961875230074,
        1.657632694005966,
        1.5135989938974381,
        0.41582700252532956,
        1.5329023287922143,
        1.6369435260772704,
        1.5179795008659362,
        0.4520854994773865,
        1.5345835661530494,
        1.669508859539032,
        1.4929023822546004,
        1.3578871363162994,
        0.9402692884713411,
        1.053975783753395,
        1.3829585128188133
      ]
    }
  }
}