{
  "norm_stats": {
    "state": {
      "mean": [
        -0.36450251936912537,
        -0.10130880773067474,
        1.272938847541809,
        0.09667401760816574,
        -0.9722297191619873,
        -0.048299603164196014,
        0.028292199596762657,
        -0.08266544342041016,
        0.6095912456512451,
        1.060098648071289,
        0.8431167006492615,
        -0.006390617229044437,
        0.8464601039886475,
        1.0972836017608643,
        0.6353963017463684,
        0.12991347908973694,
        0.9090604782104492,
        1.0543676614761353,
        0.5536748766899109,
        0.5610841512680054,
        0.2502499520778656,
        0.4837028384208679,
        0.8698009848594666
      ],
      "std": [
        0.0685601681470871,
        0.15463228523731232,
        0.13423560559749603,
        0.08982256799936295,
        0.022326523438096046,
        0.1052771732211113,
        0.15046744048595428,
        0.19453272223472595,
        0.44741135835647583,
        0.4738962650299072,
        0.5043113231658936,
        0.27260875701904297,
        0.5568364262580872,
        0.4035947918891907,
        0.658100426197052,
        0.2590464949607849,
        0.5616206526756287,
        0.5437873005867004,
        0.655651330947876,
        0.30561888217926025,
        0.23729123175144196,
        0.3444408178329468,
        0.3265596926212311
      ],
      "q01": [
        -0.5242271361619234,
        -0.35838763146400454,
        1.0508375089645385,
        -0.08909131317138672,
        -1.0,
        -0.2975345532476902,
        -0.28459610966444016,
        -0.41634827358722687,
        -0.20028918695449827,
        0.19809815859794616,
        -0.14554096813499928,
        -0.4302450611114502,
        -0.12790068110227587,
        0.11092361245676877,
        -0.27115132032632827,
        -0.3904031945586205,
        -0.09853463706970222,
        -0.019186834883689885,
        -0.2294906685948372,
        0.21133775611817837,
        -0.07087810589075089,
        -0.1702749285697937,
        0.0002538370221853159
      ],
      "q99": [
        -0.19154599423259494,
        0.1460066884517669,
        1.5789293941497804,
        0.2941231110453606,
        -0.901486767578125,
        0.16254065608978263,
        0.396847133588791,
        0.3362441605925559,
        1.403952438545227,
        1.777979132413864,
        1.481229552462697,
        0.43970772366523736,
        1.6371326365590093,
        1.6740261266306042,
        1.553697704231739,
        0.46738948621749876,
        1.626805975437164,
        1.6960690240621563,
        1.5519586634516718,
        1.316044707915187,
        0.7512552973866462,
        1.2374976670742035,
        1.5347019638955592
      ]
    },
    "actions": {
      "mean": [
        -0.36756977438926697,
        -0.1032092347741127,
        1.2806510925292969,
        -2.0348317623138428,
        -0.0927698090672493,
        0.07337465137243271,
        -0.007101476192474365,
        0.7962037324905396,
        1.2161903381347656,
        0.8457061052322388,
        0.10693895071744919,
        0.9768542051315308,
        1.170515537261963,
        0.6156944632530212,
        0.18048636615276337,
        0.9856126308441162,
        1.1080392599105835,
        0.5210267305374146,
        0.6580703854560852,
        0.261272132396698,
        0.6770045161247253,
        0.9305763840675354
      ],
      "std": [
        0.08339189738035202,
        0.16740970313549042,
        0.1907583624124527,
        1.9264620542526245,
        0.382889986038208,
        0.6170905232429504,
        0.27303946018218994,
        0.5534520149230957,
        0.5275949239730835,
        0.4984981417655945,
        0.35042279958724976,
        0.5900934934616089,
        0.3998697102069855,
        0.6582003831863403,
        0.2806497812271118,
        0.5653895735740662,
        0.5293231010437012,
        0.6583598852157593,
        0.2902013063430786,
        0.21655219793319702,
        0.47025641798973083,
        0.32853737473487854
      ],
      "q01": [
        -0.5814879022836685,
        -0.39999624972343445,
        0.9591060387611389,
        -3.1038805937767027,
        -0.9162430096387864,
        -1.3076593842983244,
        -0.4169935816049576,
        -0.10432830757200717,
        0.22781135559082033,
        -0.15070896354019642,
        -0.42520396134257316,
        0.02980667712576688,
        0.13082695972919464,
        -0.22680579125881195,
        -0.38959267827272415,
        -0.0047356284294277455,
        -0.019324357435107232,
        -0.2265695184469223,
        0.26884553940296174,
        -0.034242010591924193,
        -0.17120759304463865,
        0.024003630638122553
      ],
      "q99": [
        -0.17032613325119017,
        0.18402709928750993,
        1.7146660351276397,
        3.097610534429551,
        0.650611109972,
        1.4824718375205994,
        0.4594320963382721,
        1.5015906317651273,
        1.691973922252655,
        1.481085563468933,
        0.46408172899484634,
        1.5848141609333457,
        1.630229143023491,
        1.5510713465154171,
        0.4507899459958077,
        1.5724192581858485,
        1.6743639279156923,
        1.546923854187131,
        1.3056270230054856,
        0.7550834323205053,
        1.2875595407187939,
        1.4829274403601884
      ]
    }
  }
}